data/mcs-instances/mcs10/bvg/b03m/mcs10_b03m_s40.A83 data/mcs-instances/mcs10/bvg/b03m/mcs10_b03m_s40.B83,656119,20583,35
data/mcs-instances/mcs10/bvg/b03/mcs10_b03_s40.A32 data/mcs-instances/mcs10/bvg/b03/mcs10_b03_s40.B32,30869499,647457,35
data/mcs-instances/mcs10/bvg/b03m/mcs10_b03m_s70.A00 data/mcs-instances/mcs10/bvg/b03m/mcs10_b03m_s70.B00,21574677,1000000,0
data/mcs-instances/mcs10/bvg/b03m/mcs10_b03m_s100.A84 data/mcs-instances/mcs10/bvg/b03m/mcs10_b03m_s100.B84,13062503,1000000,0
data/mcs-instances/mcs10/bvg/b03m/mcs10_b03m_s70.A35 data/mcs-instances/mcs10/bvg/b03m/mcs10_b03m_s70.B35,21181913,1000000,0
data/mcs-instances/mcs10/bvg/b03m/mcs10_b03m_s70.A60 data/mcs-instances/mcs10/bvg/b03m/mcs10_b03m_s70.B60,21287643,1000000,0
data/mcs-instances/mcs10/bvg/b03m/mcs10_b03m_s50.A14 data/mcs-instances/mcs10/bvg/b03m/mcs10_b03m_s50.B14,29974324,1000000,0
data/mcs-instances/mcs10/bvg/b03m/mcs10_b03m_s60.A58 data/mcs-instances/mcs10/bvg/b03m/mcs10_b03m_s60.B58,25390304,1000000,0
data/mcs-instances/mcs10/bvg/b03m/mcs10_b03m_s70.A38 data/mcs-instances/mcs10/bvg/b03m/mcs10_b03m_s70.B38,20506492,1000000,0
data/mcs-instances/mcs10/bvg/b03m/mcs10_b03m_s90.A43 data/mcs-instances/mcs10/bvg/b03m/mcs10_b03m_s90.B43,16139330,1000000,0
data/mcs-instances/mcs10/bvg/b03m/mcs10_b03m_s50.A36 data/mcs-instances/mcs10/bvg/b03m/mcs10_b03m_s50.B36,38479186,1000000,0
data/mcs-instances/mcs10/bvg/b06m/mcs10_b06m_s90.A65 data/mcs-instances/mcs10/bvg/b06m/mcs10_b06m_s90.B65,12588635,1000000,0
data/mcs-instances/mcs10/bvg/b06m/mcs10_b06m_s90.A72 data/mcs-instances/mcs10/bvg/b06m/mcs10_b06m_s90.B72,12632353,1000000,0
data/mcs-instances/mcs10/bvg/b06m/mcs10_b06m_s90.A21 data/mcs-instances/mcs10/bvg/b06m/mcs10_b06m_s90.B21,12936769,1000000,0
data/mcs-instances/mcs10/bvg/b06m/mcs10_b06m_s80.A35 data/mcs-instances/mcs10/bvg/b06m/mcs10_b06m_s80.B35,13882338,1000000,0
data/mcs-instances/mcs10/bvg/b06m/mcs10_b06m_s90.A11 data/mcs-instances/mcs10/bvg/b06m/mcs10_b06m_s90.B11,11682075,1000006,0
data/mcs-instances/mcs10/bvg/b06m/mcs10_b06m_s90.A56 data/mcs-instances/mcs10/bvg/b06m/mcs10_b06m_s90.B56,12340313,1000007,0
data/mcs-instances/mcs10/bvg/b06m/mcs10_b06m_s70.A63 data/mcs-instances/mcs10/bvg/b06m/mcs10_b06m_s70.B63,16936892,1000001,0
data/mcs-instances/mcs10/bvg/b09m/mcs10_b09m_s100.A67 data/mcs-instances/mcs10/bvg/b09m/mcs10_b09m_s100.B67,10521204,1000000,0
data/mcs-instances/mcs10/bvg/b06m/mcs10_b06m_s90.A99 data/mcs-instances/mcs10/bvg/b06m/mcs10_b06m_s90.B99,12456290,1000002,0
data/mcs-instances/mcs10/bvg/b09m/mcs10_b09m_s100.A51 data/mcs-instances/mcs10/bvg/b09m/mcs10_b09m_s100.B51,11007148,1000000,0
data/mcs-instances/mcs10/bvg/b09m/mcs10_b09m_s100.A96 data/mcs-instances/mcs10/bvg/b09m/mcs10_b09m_s100.B96,10906302,1000000,0
data/mcs-instances/mcs10/bvg/b09m/mcs10_b09m_s100.A44 data/mcs-instances/mcs10/bvg/b09m/mcs10_b09m_s100.B44,10827837,1000000,0
data/mcs-instances/mcs10/bvg/b09m/mcs10_b09m_s100.A88 data/mcs-instances/mcs10/bvg/b09m/mcs10_b09m_s100.B88,9891852,1000000,0
data/mcs-instances/mcs10/bvg/b09m/mcs10_b09m_s100.A17 data/mcs-instances/mcs10/bvg/b09m/mcs10_b09m_s100.B17,10982861,1000000,0
data/mcs-instances/mcs10/bvg/b09m/mcs10_b09m_s100.A93 data/mcs-instances/mcs10/bvg/b09m/mcs10_b09m_s100.B93,10574389,1000000,0
data/mcs-instances/mcs10/bvg/b09/mcs10_b09_s100.A15 data/mcs-instances/mcs10/bvg/b09/mcs10_b09_s100.B15,11118162,1000000,0
data/mcs-instances/mcs10/bvg/b09/mcs10_b09_s100.A85 data/mcs-instances/mcs10/bvg/b09/mcs10_b09_s100.B85,8320972,1000000,0
data/mcs-instances/mcs10/bvg/b09/mcs10_b09_s100.A09 data/mcs-instances/mcs10/bvg/b09/mcs10_b09_s100.B09,10049911,1000000,0
data/mcs-instances/mcs10/bvg/b09m/mcs10_b09m_s100.A64 data/mcs-instances/mcs10/bvg/b09m/mcs10_b09m_s100.B64,9301098,1000015,0
data/mcs-instances/mcs10/bvg/b09/mcs10_b09_s100.A84 data/mcs-instances/mcs10/bvg/b09/mcs10_b09_s100.B84,8585271,1000013,0
data/mcs-instances/mcs10/bvg/b06m/mcs10_b06m_s100.A68 data/mcs-instances/mcs10/bvg/b06m/mcs10_b06m_s100.B68,11191642,1000012,0
data/mcs-instances/mcs10/bvg/b09m/mcs10_b09m_s100.A68 data/mcs-instances/mcs10/bvg/b09m/mcs10_b09m_s100.B68,9642174,1000012,0
data/mcs-instances/mcs10/bvg/b06m/mcs10_b06m_s70.A44 data/mcs-instances/mcs10/bvg/b06m/mcs10_b06m_s70.B44,16548678,1000016,0
data/mcs-instances/mcs10/bvg/b09/mcs10_b09_s100.A50 data/mcs-instances/mcs10/bvg/b09/mcs10_b09_s100.B50,8794460,1000006,0
data/mcs-instances/mcs10/bvg/b09/mcs10_b09_s100.A92 data/mcs-instances/mcs10/bvg/b09/mcs10_b09_s100.B92,10279101,1000017,0
data/mcs-instances/mcs10/bvg/b09/mcs10_b09_s100.A56 data/mcs-instances/mcs10/bvg/b09/mcs10_b09_s100.B56,9820493,1000003,0
data/mcs-instances/mcs10/bvg/b06/mcs10_b06_s80.A50 data/mcs-instances/mcs10/bvg/b06/mcs10_b06_s80.B50,14507229,1000000,0
data/mcs-instances/mcs10/bvg/b06/mcs10_b06_s80.A06 data/mcs-instances/mcs10/bvg/b06/mcs10_b06_s80.B06,13884599,1000001,0
data/mcs-instances/mcs10/bvg/b06/mcs10_b06_s90.A15 data/mcs-instances/mcs10/bvg/b06/mcs10_b06_s90.B15,12404060,1000000,0
data/mcs-instances/mcs10/bvg/b06/mcs10_b06_s80.A35 data/mcs-instances/mcs10/bvg/b06/mcs10_b06_s80.B35,13629106,1000000,0
data/mcs-instances/mcs10/bvg/b06/mcs10_b06_s90.A56 data/mcs-instances/mcs10/bvg/b06/mcs10_b06_s90.B56,12525499,1000000,0
data/mcs-instances/mcs10/bvg/b06/mcs10_b06_s70.A89 data/mcs-instances/mcs10/bvg/b06/mcs10_b06_s70.B89,16117541,1000005,0
data/mcs-instances/mcs10/bvg/b09/mcs10_b09_s100.A99 data/mcs-instances/mcs10/bvg/b09/mcs10_b09_s100.B99,10036035,1000008,0
data/mcs-instances/mcs10/bvg/b03/mcs10_b03_s80.A86 data/mcs-instances/mcs10/bvg/b03/mcs10_b03_s80.B86,14588438,1000000,0
data/mcs-instances/mcs10/bvg/b06/mcs10_b06_s100.A68 data/mcs-instances/mcs10/bvg/b06/mcs10_b06_s100.B68,11090425,1000000,0
data/mcs-instances/mcs10/m3D/m3Dr4/mcs10_m3Dr4_s60.A73 data/mcs-instances/mcs10/m3D/m3Dr4/mcs10_m3Dr4_s60.B73,20140719,1000003,0
data/mcs-instances/mcs10/bvg/b06/mcs10_b06_s100.A45 data/mcs-instances/mcs10/bvg/b06/mcs10_b06_s100.B45,11321440,1000012,0
data/mcs-instances/mcs10/bvg/b09/mcs10_b09_s100.A08 data/mcs-instances/mcs10/bvg/b09/mcs10_b09_s100.B08,9501471,1000014,0
data/mcs-instances/mcs10/bvg/b03/mcs10_b03_s80.A65 data/mcs-instances/mcs10/bvg/b03/mcs10_b03_s80.B65,16795735,1000014,0
data/mcs-instances/mcs10/bvg/b09m/mcs10_b09m_s100.A25 data/mcs-instances/mcs10/bvg/b09m/mcs10_b09m_s100.B25,10484083,1000012,0
data/mcs-instances/mcs10/bvg/b03/mcs10_b03_s60.A92 data/mcs-instances/mcs10/bvg/b03/mcs10_b03_s60.B92,22661360,1000000,0
data/mcs-instances/mcs10/bvg/b03/mcs10_b03_s50.A64 data/mcs-instances/mcs10/bvg/b03/mcs10_b03_s50.B64,30095350,1000001,0
data/mcs-instances/mcs10/m3D/m3Dr4/mcs10_m3Dr4_s90.A02 data/mcs-instances/mcs10/m3D/m3Dr4/mcs10_m3Dr4_s90.B02,12786214,1000015,0
data/mcs-instances/mcs10/bvg/b09/mcs10_b09_s100.A72 data/mcs-instances/mcs10/bvg/b09/mcs10_b09_s100.B72,9267940,1000024,0
data/mcs-instances/mcs10/bvg/b06/mcs10_b06_s80.A69 data/mcs-instances/mcs10/bvg/b06/mcs10_b06_s80.B69,13624150,1000011,0
data/mcs-instances/mcs10/bvg/b03/mcs10_b03_s60.A34 data/mcs-instances/mcs10/bvg/b03/mcs10_b03_s60.B34,29941228,1000001,0
data/mcs-instances/mcs10/bvg/b03/mcs10_b03_s100.A71 data/mcs-instances/mcs10/bvg/b03/mcs10_b03_s100.B71,12575756,1000012,0
data/mcs-instances/mcs10/bvg/b03/mcs10_b03_s60.A28 data/mcs-instances/mcs10/bvg/b03/mcs10_b03_s60.B28,26996062,1000014,0
data/mcs-instances/mcs10/bvg/b06/mcs10_b06_s70.A22 data/mcs-instances/mcs10/bvg/b06/mcs10_b06_s70.B22,16462584,1000013,0
data/mcs-instances/mcs10/m3D/m3Dr4/mcs10_m3Dr4_s60.A90 data/mcs-instances/mcs10/m3D/m3Dr4/mcs10_m3Dr4_s60.B90,21370119,1000013,0
data/mcs-instances/mcs10/bvg/b03/mcs10_b03_s100.A11 data/mcs-instances/mcs10/bvg/b03/mcs10_b03_s100.B11,14223989,1000012,0
data/mcs-instances/mcs10/bvg/b03/mcs10_b03_s90.A74 data/mcs-instances/mcs10/bvg/b03/mcs10_b03_s90.B74,15372477,1000014,0
data/mcs-instances/mcs10/m3D/m3Dr4/mcs10_m3Dr4_s60.A88 data/mcs-instances/mcs10/m3D/m3Dr4/mcs10_m3Dr4_s60.B88,21179767,1000000,0
data/mcs-instances/mcs10/m3D/m3Dr4/mcs10_m3Dr4_s60.A59 data/mcs-instances/mcs10/m3D/m3Dr4/mcs10_m3Dr4_s60.B59,20880863,1000013,0
data/mcs-instances/mcs10/m3D/m3Dr4/mcs10_m3Dr4_s90.A11 data/mcs-instances/mcs10/m3D/m3Dr4/mcs10_m3Dr4_s90.B11,12450762,1000016,0
data/mcs-instances/mcs10/m3D/m3Dr4/mcs10_m3Dr4_s70.A56 data/mcs-instances/mcs10/m3D/m3Dr4/mcs10_m3Dr4_s70.B56,17755938,1000003,0
data/mcs-instances/mcs10/m3D/m3Dr4/mcs10_m3Dr4_s100.A66 data/mcs-instances/mcs10/m3D/m3Dr4/mcs10_m3Dr4_s100.B66,11417541,1000001,0
data/mcs-instances/mcs10/m3D/m3Dr4/mcs10_m3Dr4_s80.A93 data/mcs-instances/mcs10/m3D/m3Dr4/mcs10_m3Dr4_s80.B93,14939234,1000006,0
data/mcs-instances/mcs10/m3D/m3Dr4/mcs10_m3Dr4_s70.A74 data/mcs-instances/mcs10/m3D/m3Dr4/mcs10_m3Dr4_s70.B74,17844164,1000006,0
data/mcs-instances/mcs10/m3D/m3Dr6/mcs10_m3Dr6_s70.A96 data/mcs-instances/mcs10/m3D/m3Dr6/mcs10_m3Dr6_s70.B96,16940152,1000003,0
data/mcs-instances/mcs10/m3D/m3Dr6/mcs10_m3Dr6_s100.A01 data/mcs-instances/mcs10/m3D/m3Dr6/mcs10_m3Dr6_s100.B01,11045801,1000008,0
data/mcs-instances/mcs10/m3D/m3Dr6/mcs10_m3Dr6_s100.A61 data/mcs-instances/mcs10/m3D/m3Dr6/mcs10_m3Dr6_s100.B61,11025901,1000012,0
data/mcs-instances/mcs10/m3D/m3D/mcs10_m3D_s60.A31 data/mcs-instances/mcs10/m3D/m3D/mcs10_m3D_s60.B31,22455989,1000000,0
data/mcs-instances/mcs10/m3D/m3Dr6/mcs10_m3Dr6_s90.A64 data/mcs-instances/mcs10/m3D/m3Dr6/mcs10_m3Dr6_s90.B64,12298848,1000009,0
data/mcs-instances/mcs10/m3D/m3Dr6/mcs10_m3Dr6_s100.A10 data/mcs-instances/mcs10/m3D/m3Dr6/mcs10_m3Dr6_s100.B10,10768615,1000012,0
data/mcs-instances/mcs10/m3D/m3Dr6/mcs10_m3Dr6_s80.A15 data/mcs-instances/mcs10/m3D/m3Dr6/mcs10_m3Dr6_s80.B15,14507379,1000006,0
data/mcs-instances/mcs10/m3D/m3Dr6/mcs10_m3Dr6_s70.A95 data/mcs-instances/mcs10/m3D/m3Dr6/mcs10_m3Dr6_s70.B95,16522253,1000014,0
data/mcs-instances/mcs10/m3D/m3Dr6/mcs10_m3Dr6_s90.A33 data/mcs-instances/mcs10/m3D/m3Dr6/mcs10_m3Dr6_s90.B33,12676321,1000015,0
data/mcs-instances/mcs10/m3D/m3D/mcs10_m3D_s90.A23 data/mcs-instances/mcs10/m3D/m3D/mcs10_m3D_s90.B23,13380627,1000000,0
data/mcs-instances/mcs10/m3D/m3D/mcs10_m3D_s80.A74 data/mcs-instances/mcs10/m3D/m3D/mcs10_m3D_s80.B74,16362671,1000000,0
data/mcs-instances/mcs10/m3D/m3Dr6/mcs10_m3Dr6_s100.A51 data/mcs-instances/mcs10/m3D/m3Dr6/mcs10_m3Dr6_s100.B51,10941175,1000005,0
data/mcs-instances/mcs10/m3D/m3Dr6/mcs10_m3Dr6_s60.A42 data/mcs-instances/mcs10/m3D/m3Dr6/mcs10_m3Dr6_s60.B42,19734334,1000004,0
data/mcs-instances/mcs10/m3D/m3D/mcs10_m3D_s70.A78 data/mcs-instances/mcs10/m3D/m3D/mcs10_m3D_s70.B78,18020648,1000004,0
data/mcs-instances/mcs10/m3D/m3D/mcs10_m3D_s80.A24 data/mcs-instances/mcs10/m3D/m3D/mcs10_m3D_s80.B24,16225455,1000000,0
data/mcs-instances/mcs10/m3D/m3D/mcs10_m3D_s100.A47 data/mcs-instances/mcs10/m3D/m3D/mcs10_m3D_s100.B47,12083143,1000000,0
data/mcs-instances/mcs10/m3D/m3Dr2/mcs10_m3Dr2_s100.A28 data/mcs-instances/mcs10/m3D/m3Dr2/mcs10_m3Dr2_s100.B28,11666144,1000002,0
data/mcs-instances/mcs10/m3D/m3Dr2/mcs10_m3Dr2_s90.A47 data/mcs-instances/mcs10/m3D/m3Dr2/mcs10_m3Dr2_s90.B47,12219909,1000000,0
data/mcs-instances/mcs10/m3D/m3Dr2/mcs10_m3Dr2_s100.A98 data/mcs-instances/mcs10/m3D/m3Dr2/mcs10_m3Dr2_s100.B98,11798948,1000000,0
data/mcs-instances/mcs10/m3D/m3Dr2/mcs10_m3Dr2_s80.A46 data/mcs-instances/mcs10/m3D/m3Dr2/mcs10_m3Dr2_s80.B46,14704947,1000006,0
data/mcs-instances/mcs10/m3D/m3D/mcs10_m3D_s80.A49 data/mcs-instances/mcs10/m3D/m3D/mcs10_m3D_s80.B49,15171230,1000020,0
data/mcs-instances/mcs10/m3D/m3D/mcs10_m3D_s90.A62 data/mcs-instances/mcs10/m3D/m3D/mcs10_m3D_s90.B62,13555212,1000013,0
data/mcs-instances/mcs10/m3D/m3D/mcs10_m3D_s90.A89 data/mcs-instances/mcs10/m3D/m3D/mcs10_m3D_s90.B89,13781191,1000014,0
data/mcs-instances/mcs10/m4D/m4Dr4/mcs10_m4Dr4_s100.A78 data/mcs-instances/mcs10/m4D/m4Dr4/mcs10_m4Dr4_s100.B78,12483567,1000000,0
data/mcs-instances/mcs10/m3D/m3Dr2/mcs10_m3Dr2_s80.A62 data/mcs-instances/mcs10/m3D/m3Dr2/mcs10_m3Dr2_s80.B62,14431153,1000012,0
data/mcs-instances/mcs10/m3D/m3D/mcs10_m3D_s90.A46 data/mcs-instances/mcs10/m3D/m3D/mcs10_m3D_s90.B46,13384377,1000012,0
data/mcs-instances/mcs10/m3D/m3Dr2/mcs10_m3Dr2_s60.A75 data/mcs-instances/mcs10/m3D/m3Dr2/mcs10_m3Dr2_s60.B75,21508234,1000009,0
data/mcs-instances/mcs10/m4D/m4Dr4/mcs10_m4Dr4_s100.A88 data/mcs-instances/mcs10/m4D/m4Dr4/mcs10_m4Dr4_s100.B88,13137464,1000001,0
data/mcs-instances/mcs10/m4D/m4Dr4/mcs10_m4Dr4_s100.A89 data/mcs-instances/mcs10/m4D/m4Dr4/mcs10_m4Dr4_s100.B89,12510946,1000005,0
data/mcs-instances/mcs10/m4D/m4Dr4/mcs10_m4Dr4_s100.A86 data/mcs-instances/mcs10/m4D/m4Dr4/mcs10_m4Dr4_s100.B86,12649638,1000003,0
data/mcs-instances/mcs10/m4D/m4Dr4/mcs10_m4Dr4_s100.A85 data/mcs-instances/mcs10/m4D/m4Dr4/mcs10_m4Dr4_s100.B85,12318821,1000003,0
data/mcs-instances/mcs10/m4D/m4Dr4/mcs10_m4Dr4_s100.A73 data/mcs-instances/mcs10/m4D/m4Dr4/mcs10_m4Dr4_s100.B73,12694041,1000000,0
data/mcs-instances/mcs10/m3D/m3Dr2/mcs10_m3Dr2_s60.A44 data/mcs-instances/mcs10/m3D/m3Dr2/mcs10_m3Dr2_s60.B44,21772494,1000005,0
data/mcs-instances/mcs10/m4D/m4Dr4/mcs10_m4Dr4_s100.A29 data/mcs-instances/mcs10/m4D/m4Dr4/mcs10_m4Dr4_s100.B29,12979423,1000000,0
data/mcs-instances/mcs10/m4D/m4Dr4/mcs10_m4Dr4_s100.A77 data/mcs-instances/mcs10/m4D/m4Dr4/mcs10_m4Dr4_s100.B77,12028019,1000009,0
data/mcs-instances/mcs10/m3D/m3Dr2/mcs10_m3Dr2_s70.A19 data/mcs-instances/mcs10/m3D/m3Dr2/mcs10_m3Dr2_s70.B19,16140939,1000000,0
data/mcs-instances/mcs10/m4D/m4Dr4/mcs10_m4Dr4_s100.A27 data/mcs-instances/mcs10/m4D/m4Dr4/mcs10_m4Dr4_s100.B27,12721191,1000000,0
data/mcs-instances/mcs10/m3D/m3Dr2/mcs10_m3Dr2_s80.A89 data/mcs-instances/mcs10/m3D/m3Dr2/mcs10_m3Dr2_s80.B89,15352069,1000000,0
data/mcs-instances/mcs10/m3D/m3Dr2/mcs10_m3Dr2_s70.A45 data/mcs-instances/mcs10/m3D/m3Dr2/mcs10_m3Dr2_s70.B45,16871059,1000011,0
data/mcs-instances/mcs10/m4D/m4Dr4/mcs10_m4Dr4_s100.A02 data/mcs-instances/mcs10/m4D/m4Dr4/mcs10_m4Dr4_s100.B02,13367019,1000016,0
data/mcs-instances/mcs10/m4D/m4Dr6/mcs10_m4Dr6_s100.A45 data/mcs-instances/mcs10/m4D/m4Dr6/mcs10_m4Dr6_s100.B45,12408164,1000010,0
data/mcs-instances/mcs10/m4D/m4Dr6/mcs10_m4Dr6_s100.A84 data/mcs-instances/mcs10/m4D/m4Dr6/mcs10_m4Dr6_s100.B84,12741341,1000014,0
data/mcs-instances/mcs10/m4D/m4Dr6/mcs10_m4Dr6_s100.A79 data/mcs-instances/mcs10/m4D/m4Dr6/mcs10_m4Dr6_s100.B79,12823052,1000014,0
data/mcs-instances/mcs10/m4D/m4D/mcs10_m4D_s100.A34 data/mcs-instances/mcs10/m4D/m4D/mcs10_m4D_s100.B34,13981491,1000002,0
data/mcs-instances/mcs10/m4D/m4Dr6/mcs10_m4Dr6_s100.A89 data/mcs-instances/mcs10/m4D/m4Dr6/mcs10_m4Dr6_s100.B89,11621661,1000017,0
data/mcs-instances/mcs10/rand/r005/mcs10_r005_s25.A43 data/mcs-instances/mcs10/rand/r005/mcs10_r005_s25.B43,1467,15,22
data/mcs-instances/mcs10/m4D/m4Dr6/mcs10_m4Dr6_s100.A19 data/mcs-instances/mcs10/m4D/m4Dr6/mcs10_m4Dr6_s100.B19,12364510,1000015,0
data/mcs-instances/mcs10/m4D/m4D/mcs10_m4D_s100.A80 data/mcs-instances/mcs10/m4D/m4D/mcs10_m4D_s100.B80,14472045,1000014,0
data/mcs-instances/mcs10/m4D/m4Dr6/mcs10_m4Dr6_s100.A26 data/mcs-instances/mcs10/m4D/m4Dr6/mcs10_m4Dr6_s100.B26,12144939,1000000,0
data/mcs-instances/mcs10/m4D/m4Dr6/mcs10_m4Dr6_s100.A73 data/mcs-instances/mcs10/m4D/m4Dr6/mcs10_m4Dr6_s100.B73,12703367,1000012,0
data/mcs-instances/mcs10/m4D/m4D/mcs10_m4D_s100.A01 data/mcs-instances/mcs10/m4D/m4D/mcs10_m4D_s100.B01,12185895,1000016,0
data/mcs-instances/mcs10/m4D/m4Dr6/mcs10_m4Dr6_s100.A36 data/mcs-instances/mcs10/m4D/m4Dr6/mcs10_m4Dr6_s100.B36,11818675,1000008,0
data/mcs-instances/mcs10/m4D/m4Dr6/mcs10_m4Dr6_s100.A92 data/mcs-instances/mcs10/m4D/m4Dr6/mcs10_m4Dr6_s100.B92,12305095,1000000,0
data/mcs-instances/mcs10/m4D/m4D/mcs10_m4D_s100.A90 data/mcs-instances/mcs10/m4D/m4D/mcs10_m4D_s100.B90,13136314,1000015,0
data/mcs-instances/mcs10/m4D/m4D/mcs10_m4D_s100.A30 data/mcs-instances/mcs10/m4D/m4D/mcs10_m4D_s100.B30,13382269,1000010,0
data/mcs-instances/mcs10/m4D/m4Dr6/mcs10_m4Dr6_s100.A94 data/mcs-instances/mcs10/m4D/m4Dr6/mcs10_m4Dr6_s100.B94,11703910,1000013,0
data/mcs-instances/mcs10/m4D/m4D/mcs10_m4D_s100.A20 data/mcs-instances/mcs10/m4D/m4D/mcs10_m4D_s100.B20,13487305,1000012,0
data/mcs-instances/mcs10/m4D/m4D/mcs10_m4D_s100.A86 data/mcs-instances/mcs10/m4D/m4D/mcs10_m4D_s100.B86,13184256,1000013,0
data/mcs-instances/mcs10/m4D/m4D/mcs10_m4D_s100.A97 data/mcs-instances/mcs10/m4D/m4D/mcs10_m4D_s100.B97,13919288,1000013,0
data/mcs-instances/mcs10/rand/r01/mcs10_r01_s20.A72 data/mcs-instances/mcs10/rand/r01/mcs10_r01_s20.B72,764,17,17
data/mcs-instances/mcs10/rand/r01/mcs10_r01_s20.A21 data/mcs-instances/mcs10/rand/r01/mcs10_r01_s20.B21,881,25,17
data/mcs-instances/mcs10/rand/r01/mcs10_r01_s20.A81 data/mcs-instances/mcs10/rand/r01/mcs10_r01_s20.B81,3912,57,17
data/mcs-instances/mcs10/rand/r02/mcs10_r02_s20.A02 data/mcs-instances/mcs10/rand/r02/mcs10_r02_s20.B02,6675,107,16
data/mcs-instances/mcs10/rand/r02/mcs10_r02_s20.A89 data/mcs-instances/mcs10/rand/r02/mcs10_r02_s20.B89,16949,268,15
data/mcs-instances/mcs10/rand/r02/mcs10_r02_s20.A46 data/mcs-instances/mcs10/rand/r02/mcs10_r02_s20.B46,12801,200,16
data/mcs-instances/mcs10/rand/r005/mcs10_r005_s35.A93 data/mcs-instances/mcs10/rand/r005/mcs10_r005_s35.B93,1560855,31558,29
data/mcs-instances/mcs10/m4D/m4D/mcs10_m4D_s100.A36 data/mcs-instances/mcs10/m4D/m4D/mcs10_m4D_s100.B36,12264994,1000000,0
data/mcs-instances/mcs10/m2D/m2Dr4/mcs10_m2Dr4_s40.A95 data/mcs-instances/mcs10/m2D/m2Dr4/mcs10_m2Dr4_s40.B95,11412348,264377,33
data/mcs-instances/mcs10/rand/r005/mcs10_r005_s40.A05 data/mcs-instances/mcs10/rand/r005/mcs10_r005_s40.B05,4261481,90756,33
data/mcs-instances/mcs10/m4D/m4D/mcs10_m4D_s100.A71 data/mcs-instances/mcs10/m4D/m4D/mcs10_m4D_s100.B71,12893560,1000015,0
data/mcs-instances/mcs10/rand/r02/mcs10_r02_s30.A49 data/mcs-instances/mcs10/rand/r02/mcs10_r02_s30.B49,53242195,1000016,0
data/mcs-instances/mcs10/m2D/m2Dr4/mcs10_m2Dr4_s40.A62 data/mcs-instances/mcs10/m2D/m2Dr4/mcs10_m2Dr4_s40.B62,40011896,1000014,0
data/mcs-instances/mcs10/rand/r02/mcs10_r02_s35.A88 data/mcs-instances/mcs10/rand/r02/mcs10_r02_s35.B88,39951012,1000001,0
data/mcs-instances/mcs10/rand/r005/mcs10_r005_s40.A68 data/mcs-instances/mcs10/rand/r005/mcs10_r005_s40.B68,43032956,1000012,0
data/mcs-instances/mcs10/rand/r02/mcs10_r02_s35.A82 data/mcs-instances/mcs10/rand/r02/mcs10_r02_s35.B82,41657155,1000014,0
data/mcs-instances/mcs10/m4D/m4Dr2/mcs10_m4Dr2_s100.A44 data/mcs-instances/mcs10/m4D/m4Dr2/mcs10_m4Dr2_s100.B44,13119341,1000005,0
data/mcs-instances/mcs10/m4D/m4Dr2/mcs10_m4Dr2_s100.A84 data/mcs-instances/mcs10/m4D/m4Dr2/mcs10_m4Dr2_s100.B84,12088438,1000009,0
data/mcs-instances/mcs10/m4D/m4Dr2/mcs10_m4Dr2_s100.A09 data/mcs-instances/mcs10/m4D/m4Dr2/mcs10_m4Dr2_s100.B09,13264864,1000000,0
data/mcs-instances/mcs10/m4D/m4Dr2/mcs10_m4Dr2_s100.A05 data/mcs-instances/mcs10/m4D/m4Dr2/mcs10_m4Dr2_s100.B05,13509633,1000005,0
data/mcs-instances/mcs10/m4D/m4Dr2/mcs10_m4Dr2_s100.A40 data/mcs-instances/mcs10/m4D/m4Dr2/mcs10_m4Dr2_s100.B40,12716507,1000014,0
data/mcs-instances/mcs10/m4D/m4Dr2/mcs10_m4Dr2_s100.A68 data/mcs-instances/mcs10/m4D/m4Dr2/mcs10_m4Dr2_s100.B68,13536013,1000000,0
data/mcs-instances/mcs10/m4D/m4Dr2/mcs10_m4Dr2_s100.A73 data/mcs-instances/mcs10/m4D/m4Dr2/mcs10_m4Dr2_s100.B73,12949912,1000000,0
data/mcs-instances/mcs10/m4D/m4Dr2/mcs10_m4Dr2_s100.A34 data/mcs-instances/mcs10/m4D/m4Dr2/mcs10_m4Dr2_s100.B34,12592301,1000008,0
data/mcs-instances/mcs10/m4D/m4Dr2/mcs10_m4Dr2_s100.A26 data/mcs-instances/mcs10/m4D/m4Dr2/mcs10_m4Dr2_s100.B26,12723188,1000010,0
data/mcs-instances/mcs10/m4D/m4Dr2/mcs10_m4Dr2_s100.A04 data/mcs-instances/mcs10/m4D/m4Dr2/mcs10_m4Dr2_s100.B04,13109605,1000016,0
data/mcs-instances/mcs10/rand/r02/mcs10_r02_s50.A41 data/mcs-instances/mcs10/rand/r02/mcs10_r02_s50.B41,22057446,1000005,0
data/mcs-instances/mcs10/rand/r02/mcs10_r02_s100.A22 data/mcs-instances/mcs10/rand/r02/mcs10_r02_s100.B22,6306029,1000000,0
data/mcs-instances/mcs10/rand/r02/mcs10_r02_s100.A03 data/mcs-instances/mcs10/rand/r02/mcs10_r02_s100.B03,7275108,1000008,0
data/mcs-instances/mcs10/rand/r02/mcs10_r02_s90.A09 data/mcs-instances/mcs10/rand/r02/mcs10_r02_s90.B09,7852110,1000009,0
data/mcs-instances/mcs10/rand/r005/mcs10_r005_s70.A99 data/mcs-instances/mcs10/rand/r005/mcs10_r005_s70.B99,15629946,1000011,0
data/mcs-instances/mcs10/rand/r005/mcs10_r005_s90.A78 data/mcs-instances/mcs10/rand/r005/mcs10_r005_s90.B78,11227536,1000003,0
data/mcs-instances/mcs10/rand/r005/mcs10_r005_s70.A74 data/mcs-instances/mcs10/rand/r005/mcs10_r005_s70.B74,16590621,1000003,0
data/mcs-instances/mcs10/rand/r005/mcs10_r005_s60.A70 data/mcs-instances/mcs10/rand/r005/mcs10_r005_s60.B70,20950393,1000000,0
data/mcs-instances/mcs10/rand/r005/mcs10_r005_s70.A06 data/mcs-instances/mcs10/rand/r005/mcs10_r005_s70.B06,16461939,1000008,0
data/mcs-instances/mcs10/rand/r005/mcs10_r005_s60.A17 data/mcs-instances/mcs10/rand/r005/mcs10_r005_s60.B17,19499325,1000007,0
data/mcs-instances/mcs10/rand/r001/mcs10_r001_s100.A44 data/mcs-instances/mcs10/rand/r001/mcs10_r001_s100.B44,18227251,1000000,0
data/mcs-instances/mcs10/rand/r001/mcs10_r001_s100.A15 data/mcs-instances/mcs10/rand/r001/mcs10_r001_s100.B15,2621036,1000004,0
data/mcs-instances/mcs10/rand/r001/mcs10_r001_s100.A03 data/mcs-instances/mcs10/rand/r001/mcs10_r001_s100.B03,13048019,1000013,0
data/mcs-instances/mcs10/rand/r001/mcs10_r001_s100.A83 data/mcs-instances/mcs10/rand/r001/mcs10_r001_s100.B83,4052188,1000013,0
data/mcs-instances/mcs10/rand/r001/mcs10_r001_s100.A43 data/mcs-instances/mcs10/rand/r001/mcs10_r001_s100.B43,7137389,1000000,0
data/mcs-instances/mcs10/rand/r001/mcs10_r001_s100.A57 data/mcs-instances/mcs10/rand/r001/mcs10_r001_s100.B57,12313970,1000000,0
data/mcs-instances/mcs10/rand/r001/mcs10_r001_s100.A96 data/mcs-instances/mcs10/rand/r001/mcs10_r001_s100.B96,10495065,1000000,0
data/mcs-instances/mcs10/rand/r01/mcs10_r01_s100.A59 data/mcs-instances/mcs10/rand/r01/mcs10_r01_s100.B59,9912657,1000014,0
data/mcs-instances/mcs10/rand/r001/mcs10_r001_s100.A70 data/mcs-instances/mcs10/rand/r001/mcs10_r001_s100.B70,2791726,1000013,0
data/mcs-instances/mcs10/rand/r01/mcs10_r01_s40.A49 data/mcs-instances/mcs10/rand/r01/mcs10_r01_s40.B49,36199866,1000003,0
data/mcs-instances/mcs10/rand/r01/mcs10_r01_s50.A42 data/mcs-instances/mcs10/rand/r01/mcs10_r01_s50.B42,27729512,1000000,0
data/mcs-instances/mcs10/m2D/m2Dr2/mcs10_m2Dr2_s90.A75 data/mcs-instances/mcs10/m2D/m2Dr2/mcs10_m2Dr2_s90.B75,13961230,1000001,0
data/mcs-instances/mcs10/rand/r01/mcs10_r01_s60.A94 data/mcs-instances/mcs10/rand/r01/mcs10_r01_s60.B94,18992106,1000001,0
data/mcs-instances/mcs10/rand/r001/mcs10_r001_s100.A55 data/mcs-instances/mcs10/rand/r001/mcs10_r001_s100.B55,8118212,1000001,0
data/mcs-instances/mcs30/bvg/b03m/mcs30_b03m_s15.A51 data/mcs-instances/mcs30/bvg/b03m/mcs30_b03m_s15.B51,78,1,13
data/mcs-instances/mcs30/bvg/b03m/mcs30_b03m_s20.A16 data/mcs-instances/mcs30/bvg/b03m/mcs30_b03m_s20.B16,77,1,18
data/mcs-instances/mcs10/rand/r01/mcs10_r01_s40.A77 data/mcs-instances/mcs10/rand/r01/mcs10_r01_s40.B77,37951369,1000000,0
data/mcs-instances/mcs10/rand/r001/mcs10_r001_s100.A81 data/mcs-instances/mcs10/rand/r001/mcs10_r001_s100.B81,6024632,1000000,0
data/mcs-instances/mcs10/rand/r01/mcs10_r01_s90.A58 data/mcs-instances/mcs10/rand/r01/mcs10_r01_s90.B58,11537057,1000001,0
data/mcs-instances/mcs10/m2D/m2Dr2/mcs10_m2Dr2_s70.A49 data/mcs-instances/mcs10/m2D/m2Dr2/mcs10_m2Dr2_s70.B49,19058855,1000001,0
data/mcs-instances/mcs10/rand/r01/mcs10_r01_s80.A96 data/mcs-instances/mcs10/rand/r01/mcs10_r01_s80.B96,13343140,1000011,0
data/mcs-instances/mcs10/m2D/m2Dr2/mcs10_m2Dr2_s100.A84 data/mcs-instances/mcs10/m2D/m2Dr2/mcs10_m2Dr2_s100.B84,12423068,1000012,0
data/mcs-instances/mcs10/m2D/m2Dr2/mcs10_m2Dr2_s100.A97 data/mcs-instances/mcs10/m2D/m2Dr2/mcs10_m2Dr2_s100.B97,12525590,1000004,0
data/mcs-instances/mcs10/m2D/m2Dr2/mcs10_m2Dr2_s100.A41 data/mcs-instances/mcs10/m2D/m2Dr2/mcs10_m2Dr2_s100.B41,12173557,1000013,0
data/mcs-instances/mcs10/m2D/m2Dr2/mcs10_m2Dr2_s70.A39 data/mcs-instances/mcs10/m2D/m2Dr2/mcs10_m2Dr2_s70.B39,18510056,1000009,0
data/mcs-instances/mcs10/m2D/m2Dr4/mcs10_m2Dr4_s60.A33 data/mcs-instances/mcs10/m2D/m2Dr4/mcs10_m2Dr4_s60.B33,22372556,1000014,0
data/mcs-instances/mcs10/m2D/m2Dr2/mcs10_m2Dr2_s80.A45 data/mcs-instances/mcs10/m2D/m2Dr2/mcs10_m2Dr2_s80.B45,15718270,1000022,0
data/mcs-instances/mcs10/m2D/m2Dr2/mcs10_m2Dr2_s90.A78 data/mcs-instances/mcs10/m2D/m2Dr2/mcs10_m2Dr2_s90.B78,14302746,1000000,0
data/mcs-instances/mcs10/m2D/m2Dr4/mcs10_m2Dr4_s90.A72 data/mcs-instances/mcs10/m2D/m2Dr4/mcs10_m2Dr4_s90.B72,13603224,1000015,0
data/mcs-instances/mcs10/m2D/m2Dr2/mcs10_m2Dr2_s80.A15 data/mcs-instances/mcs10/m2D/m2Dr2/mcs10_m2Dr2_s80.B15,15679687,1000012,0
data/mcs-instances/mcs10/m2D/m2Dr2/mcs10_m2Dr2_s80.A23 data/mcs-instances/mcs10/m2D/m2Dr2/mcs10_m2Dr2_s80.B23,16071183,1000012,0
data/mcs-instances/mcs10/m2D/m2Dr4/mcs10_m2Dr4_s100.A25 data/mcs-instances/mcs10/m2D/m2Dr4/mcs10_m2Dr4_s100.B25,12490732,1000013,0
data/mcs-instances/mcs10/m2D/m2Dr4/mcs10_m2Dr4_s60.A14 data/mcs-instances/mcs10/m2D/m2Dr4/mcs10_m2Dr4_s60.B14,22263060,1000009,0
data/mcs-instances/mcs10/m2D/m2Dr4/mcs10_m2Dr4_s70.A36 data/mcs-instances/mcs10/m2D/m2Dr4/mcs10_m2Dr4_s70.B36,19081159,1000013,0
data/mcs-instances/mcs10/m2D/m2Dr4/mcs10_m2Dr4_s90.A14 data/mcs-instances/mcs10/m2D/m2Dr4/mcs10_m2Dr4_s90.B14,13327256,1000012,0
data/mcs-instances/mcs10/m2D/m2Dr4/mcs10_m2Dr4_s50.A61 data/mcs-instances/mcs10/m2D/m2Dr4/mcs10_m2Dr4_s50.B61,31706842,1000013,0
data/mcs-instances/mcs30/bvg/b03m/mcs30_b03m_s35.A17 data/mcs-instances/mcs30/bvg/b03m/mcs30_b03m_s35.B17,365944,7725,30
data/mcs-instances/mcs10/m2D/m2Dr4/mcs10_m2Dr4_s70.A55 data/mcs-instances/mcs10/m2D/m2Dr4/mcs10_m2Dr4_s70.B55,18117410,1000000,0
data/mcs-instances/mcs30/bvg/b06/mcs30_b06_s30.A18 data/mcs-instances/mcs30/bvg/b06/mcs30_b06_s30.B18,532281,10061,24
data/mcs-instances/mcs30/bvg/b06m/mcs30_b06m_s30.A18 data/mcs-instances/mcs30/bvg/b06m/mcs30_b06m_s30.B18,2348100,42511,23
data/mcs-instances/mcs10/m2D/m2Dr6/mcs10_m2Dr6_s70.A18 data/mcs-instances/mcs10/m2D/m2Dr6/mcs10_m2Dr6_s70.B18,17585124,1000000,0
data/mcs-instances/mcs30/bvg/b03m/mcs30_b03m_s40.A50 data/mcs-instances/mcs30/bvg/b03m/mcs30_b03m_s40.B50,1289830,39130,35
data/mcs-instances/mcs30/bvg/b03m/mcs30_b03m_s40.A07 data/mcs-instances/mcs30/bvg/b03m/mcs30_b03m_s40.B07,4842847,92645,35
data/mcs-instances/mcs30/bvg/b03/mcs30_b03_s15.A51 data/mcs-instances/mcs30/bvg/b03/mcs30_b03_s15.B51,22,0,13
data/mcs-instances/mcs30/bvg/b03/mcs30_b03_s40.A84 data/mcs-instances/mcs30/bvg/b03/mcs30_b03_s40.B84,11238429,250426,34
data/mcs-instances/mcs10/m2D/m2Dr6/mcs10_m2Dr6_s90.A87 data/mcs-instances/mcs10/m2D/m2Dr6/mcs10_m2Dr6_s90.B87,13804488,1000013,0
data/mcs-instances/mcs30/bvg/b03/mcs30_b03_s35.A94 data/mcs-instances/mcs30/bvg/b03/mcs30_b03_s35.B94,922828,20688,30
data/mcs-instances/mcs30/bvg/b03/mcs30_b03_s20.A26 data/mcs-instances/mcs30/bvg/b03/mcs30_b03_s20.B26,847,13,17
data/mcs-instances/mcs10/m2D/m2Dr6/mcs10_m2Dr6_s60.A68 data/mcs-instances/mcs10/m2D/m2Dr6/mcs10_m2Dr6_s60.B68,21377024,1000000,0
data/mcs-instances/mcs10/m2D/m2Dr6/mcs10_m2Dr6_s80.A85 data/mcs-instances/mcs10/m2D/m2Dr6/mcs10_m2Dr6_s80.B85,15790372,1000004,0
data/mcs-instances/mcs30/bvg/b06/mcs30_b06_s35.A54 data/mcs-instances/mcs30/bvg/b06/mcs30_b06_s35.B54,39357079,805485,27
data/mcs-instances/mcs30/bvg/b03/mcs30_b03_s40.A48 data/mcs-instances/mcs30/bvg/b03/mcs30_b03_s40.B48,2612677,66534,35
data/mcs-instances/mcs30/m3D/m3Dr4/mcs30_m3Dr4_s30.A50 data/mcs-instances/mcs30/m3D/m3Dr4/mcs30_m3Dr4_s30.B50,382963,6822,24
data/mcs-instances/mcs30/bvg/b03m/mcs30_b03m_s50.A46 data/mcs-instances/mcs30/bvg/b03m/mcs30_b03m_s50.B46,319175,8261,45
data/mcs-instances/mcs30/m3D/m3Dr4/mcs30_m3Dr4_s30.A65 data/mcs-instances/mcs30/m3D/m3Dr4/mcs30_m3Dr4_s30.B65,2158180,36464,24
data/mcs-instances/mcs30/m3D/m3Dr4/mcs30_m3Dr4_s25.A99 data/mcs-instances/mcs30/m3D/m3Dr4/mcs30_m3Dr4_s25.B99,44729,738,20
data/mcs-instances/mcs10/m2D/m2Dr6/mcs10_m2Dr6_s60.A05 data/mcs-instances/mcs10/m2D/m2Dr6/mcs10_m2Dr6_s60.B05,21556950,1000012,0
data/mcs-instances/mcs30/m3D/m3Dr4/mcs30_m3Dr4_s25.A77 data/mcs-instances/mcs30/m3D/m3Dr4/mcs30_m3Dr4_s25.B77,92716,1477,20
data/mcs-instances/mcs30/m3D/m3Dr4/mcs30_m3Dr4_s30.A96 data/mcs-instances/mcs30/m3D/m3Dr4/mcs30_m3Dr4_s30.B96,183417,3396,24
data/mcs-instances/mcs30/m3D/m3Dr4/mcs30_m3Dr4_s30.A08 data/mcs-instances/mcs30/m3D/m3Dr4/mcs30_m3Dr4_s30.B08,1099813,20792,24
data/mcs-instances/mcs30/bvg/b09m/mcs30_b09m_s35.A86 data/mcs-instances/mcs30/bvg/b09m/mcs30_b09m_s35.B86,44080033,1000012,0
data/mcs-instances/mcs30/bvg/b09m/mcs30_b09m_s35.A46 data/mcs-instances/mcs30/bvg/b09m/mcs30_b09m_s35.B46,38669769,1000011,0
data/mcs-instances/mcs10/m2D/m2Dr6/mcs10_m2Dr6_s100.A42 data/mcs-instances/mcs10/m2D/m2Dr6/mcs10_m2Dr6_s100.B42,11935570,1000012,0
data/mcs-instances/mcs10/m2D/m2Dr6/mcs10_m2Dr6_s100.A63 data/mcs-instances/mcs10/m2D/m2Dr6/mcs10_m2Dr6_s100.B63,11896237,1000013,0
data/mcs-instances/mcs10/m2D/m2Dr6/mcs10_m2Dr6_s50.A68 data/mcs-instances/mcs10/m2D/m2Dr6/mcs10_m2Dr6_s50.B68,30251630,1000013,0
data/mcs-instances/mcs10/m2D/m2Dr6/mcs10_m2Dr6_s100.A78 data/mcs-instances/mcs10/m2D/m2Dr6/mcs10_m2Dr6_s100.B78,11882856,1000013,0
data/mcs-instances/mcs10/m2D/m2D/mcs10_m2D_s50.A59 data/mcs-instances/mcs10/m2D/m2D/mcs10_m2D_s50.B59,37797769,1000012,0
data/mcs-instances/mcs30/bvg/b06m/mcs30_b06m_s40.A94 data/mcs-instances/mcs30/bvg/b06m/mcs30_b06m_s40.B94,38713371,1000014,0
data/mcs-instances/mcs30/m3D/m3Dr6/mcs30_m3Dr6_s30.A67 data/mcs-instances/mcs30/m3D/m3Dr6/mcs30_m3Dr6_s30.B67,430634,7063,24
data/mcs-instances/mcs30/m3D/m3Dr6/mcs30_m3Dr6_s25.A15 data/mcs-instances/mcs30/m3D/m3Dr6/mcs30_m3Dr6_s25.B15,358358,5346,19
data/mcs-instances/mcs10/m2D/m2Dr6/mcs10_m2Dr6_s50.A30 data/mcs-instances/mcs10/m2D/m2Dr6/mcs10_m2Dr6_s50.B30,30909475,1000000,0
data/mcs-instances/mcs10/m2D/m2D/mcs10_m2D_s100.A73 data/mcs-instances/mcs10/m2D/m2D/mcs10_m2D_s100.B73,13058081,1000000,0
data/mcs-instances/mcs10/m2D/m2D/mcs10_m2D_s50.A73 data/mcs-instances/mcs10/m2D/m2D/mcs10_m2D_s50.B73,37866051,1000013,0
data/mcs-instances/mcs10/m2D/m2D/mcs10_m2D_s50.A90 data/mcs-instances/mcs10/m2D/m2D/mcs10_m2D_s50.B90,30005114,1000000,0
data/mcs-instances/mcs10/m2D/m2D/mcs10_m2D_s80.A94 data/mcs-instances/mcs10/m2D/m2D/mcs10_m2D_s80.B94,17680656,1000004,0
data/mcs-instances/mcs30/bvg/b03m/mcs30_b03m_s50.A62 data/mcs-instances/mcs30/bvg/b03m/mcs30_b03m_s50.B62,34841204,1000001,0
data/mcs-instances/mcs10/m2D/m2D/mcs10_m2D_s70.A86 data/mcs-instances/mcs10/m2D/m2D/mcs10_m2D_s70.B86,20697123,1000009,0
data/mcs-instances/mcs10/m2D/m2D/mcs10_m2D_s80.A26 data/mcs-instances/mcs10/m2D/m2D/mcs10_m2D_s80.B26,17431743,1000012,0
data/mcs-instances/mcs10/m2D/m2D/mcs10_m2D_s90.A19 data/mcs-instances/mcs10/m2D/m2D/mcs10_m2D_s90.B19,12440920,1000012,0
data/mcs-instances/mcs10/m2D/m2D/mcs10_m2D_s50.A66 data/mcs-instances/mcs10/m2D/m2D/mcs10_m2D_s50.B66,34559198,1000013,0
data/mcs-instances/mcs10/m2D/m2D/mcs10_m2D_s60.A93 data/mcs-instances/mcs10/m2D/m2D/mcs10_m2D_s60.B93,23896584,1000003,0
data/mcs-instances/mcs30/bvg/b03m/mcs30_b03m_s60.A57 data/mcs-instances/mcs30/bvg/b03m/mcs30_b03m_s60.B57,25380069,1000000,0
data/mcs-instances/mcs30/bvg/b03m/mcs30_b03m_s50.A89 data/mcs-instances/mcs30/bvg/b03m/mcs30_b03m_s50.B89,30031582,1000003,0
data/mcs-instances/mcs30/bvg/b03m/mcs30_b03m_s100.A76 data/mcs-instances/mcs30/bvg/b03m/mcs30_b03m_s100.B76,13175236,1000001,0
data/mcs-instances/mcs30/bvg/b06m/mcs30_b06m_s60.A35 data/mcs-instances/mcs30/bvg/b06m/mcs30_b06m_s60.B35,21301927,1000000,0
data/mcs-instances/mcs30/bvg/b06m/mcs30_b06m_s80.A73 data/mcs-instances/mcs30/bvg/b06m/mcs30_b06m_s80.B73,14594224,1000000,0
data/mcs-instances/mcs30/bvg/b06m/mcs30_b06m_s60.A50 data/mcs-instances/mcs30/bvg/b06m/mcs30_b06m_s60.B50,21897444,1000015,0
data/mcs-instances/mcs30/bvg/b06m/mcs30_b06m_s80.A13 data/mcs-instances/mcs30/bvg/b06m/mcs30_b06m_s80.B13,14286569,1000012,0
data/mcs-instances/mcs30/bvg/b06m/mcs30_b06m_s100.A99 data/mcs-instances/mcs30/bvg/b06m/mcs30_b06m_s100.B99,11087595,1000007,0
data/mcs-instances/mcs30/bvg/b06m/mcs30_b06m_s100.A29 data/mcs-instances/mcs30/bvg/b06m/mcs30_b06m_s100.B29,11215435,1000002,0
data/mcs-instances/mcs30/bvg/b09m/mcs30_b09m_s40.A05 data/mcs-instances/mcs30/bvg/b09m/mcs30_b09m_s40.B05,33740291,1000010,0
data/mcs-instances/mcs30/bvg/b09m/mcs30_b09m_s90.A77 data/mcs-instances/mcs30/bvg/b09m/mcs30_b09m_s90.B77,12714304,1000000,0
data/mcs-instances/mcs30/bvg/b09m/mcs30_b09m_s60.A49 data/mcs-instances/mcs30/bvg/b09m/mcs30_b09m_s60.B49,20630666,1000012,0
data/mcs-instances/mcs30/bvg/b09m/mcs30_b09m_s40.A06 data/mcs-instances/mcs30/bvg/b09m/mcs30_b09m_s40.B06,32730475,1000017,0
data/mcs-instances/mcs30/bvg/b06m/mcs30_b06m_s60.A07 data/mcs-instances/mcs30/bvg/b06m/mcs30_b06m_s60.B07,20395948,1000013,0
data/mcs-instances/mcs30/bvg/b09m/mcs30_b09m_s60.A99 data/mcs-instances/mcs30/bvg/b09m/mcs30_b09m_s60.B99,20406782,1000020,0
data/mcs-instances/mcs30/bvg/b06m/mcs30_b06m_s90.A86 data/mcs-instances/mcs30/bvg/b06m/mcs30_b06m_s90.B86,12703485,1000012,0
data/mcs-instances/mcs30/bvg/b09m/mcs30_b09m_s90.A83 data/mcs-instances/mcs30/bvg/b09m/mcs30_b09m_s90.B83,12297943,1000008,0
data/mcs-instances/mcs30/bvg/b09m/mcs30_b09m_s50.A91 data/mcs-instances/mcs30/bvg/b09m/mcs30_b09m_s50.B91,26881033,1000017,0
data/mcs-instances/mcs30/bvg/b09/mcs30_b09_s70.A25 data/mcs-instances/mcs30/bvg/b09/mcs30_b09_s70.B25,16227982,1000000,0
data/mcs-instances/mcs30/bvg/b09m/mcs30_b09m_s80.A43 data/mcs-instances/mcs30/bvg/b09m/mcs30_b09m_s80.B43,14228799,1000009,0
data/mcs-instances/mcs30/bvg/b09/mcs30_b09_s50.A31 data/mcs-instances/mcs30/bvg/b09/mcs30_b09_s50.B31,27332567,1000010,0
data/mcs-instances/mcs30/bvg/b09/mcs30_b09_s90.A51 data/mcs-instances/mcs30/bvg/b09/mcs30_b09_s90.B51,12524674,1000013,0
data/mcs-instances/mcs30/bvg/b09/mcs30_b09_s90.A83 data/mcs-instances/mcs30/bvg/b09/mcs30_b09_s90.B83,12565380,1000006,0
data/mcs-instances/mcs30/bvg/b09/mcs30_b09_s60.A77 data/mcs-instances/mcs30/bvg/b09/mcs30_b09_s60.B77,20417674,1000014,0
data/mcs-instances/mcs30/bvg/b09/mcs30_b09_s60.A99 data/mcs-instances/mcs30/bvg/b09/mcs30_b09_s60.B99,19253818,1000025,0
data/mcs-instances/mcs30/bvg/b09/mcs30_b09_s80.A66 data/mcs-instances/mcs30/bvg/b09/mcs30_b09_s80.B66,13646923,1000013,0
data/mcs-instances/mcs30/bvg/b09/mcs30_b09_s40.A18 data/mcs-instances/mcs30/bvg/b09/mcs30_b09_s40.B18,34293688,1000006,0
data/mcs-instances/mcs30/bvg/b06/mcs30_b06_s100.A24 data/mcs-instances/mcs30/bvg/b06/mcs30_b06_s100.B24,11327409,1000013,0
data/mcs-instances/mcs30/bvg/b06/mcs30_b06_s60.A35 data/mcs-instances/mcs30/bvg/b06/mcs30_b06_s60.B35,19918525,1000006,0
data/mcs-instances/mcs30/bvg/b09/mcs30_b09_s80.A43 data/mcs-instances/mcs30/bvg/b09/mcs30_b09_s80.B43,13981966,1000000,0
data/mcs-instances/mcs30/bvg/b09/mcs30_b09_s70.A72 data/mcs-instances/mcs30/bvg/b09/mcs30_b09_s70.B72,17038089,1000013,0
data/mcs-instances/mcs30/bvg/b06/mcs30_b06_s80.A59 data/mcs-instances/mcs30/bvg/b06/mcs30_b06_s80.B59,14844064,1000013,0
data/mcs-instances/mcs30/bvg/b06/mcs30_b06_s70.A81 data/mcs-instances/mcs30/bvg/b06/mcs30_b06_s70.B81,16236613,1000013,0
data/mcs-instances/mcs30/m3D/m3Dr2/mcs30_m3Dr2_s25.A21 data/mcs-instances/mcs30/m3D/m3Dr2/mcs30_m3Dr2_s25.B21,1159,25,21
data/mcs-instances/mcs30/m3D/m3D/mcs30_m3D_s25.A65 data/mcs-instances/mcs30/m3D/m3D/mcs30_m3D_s25.B65,39033,575,21
data/mcs-instances/mcs30/m3D/m3Dr2/mcs30_m3Dr2_s25.A74 data/mcs-instances/mcs30/m3D/m3Dr2/mcs30_m3Dr2_s25.B74,54747,878,20
data/mcs-instances/mcs30/m3D/m3Dr2/mcs30_m3Dr2_s25.A72 data/mcs-instances/mcs30/m3D/m3Dr2/mcs30_m3Dr2_s25.B72,95437,1479,20
data/mcs-instances/mcs30/m3D/m3Dr2/mcs30_m3Dr2_s30.A80 data/mcs-instances/mcs30/m3D/m3Dr2/mcs30_m3Dr2_s30.B80,32688,640,25
data/mcs-instances/mcs30/m3D/m3Dr2/mcs30_m3Dr2_s25.A81 data/mcs-instances/mcs30/m3D/m3Dr2/mcs30_m3Dr2_s25.B81,319605,4482,20
data/mcs-instances/mcs30/m3D/m3D/mcs30_m3D_s30.A00 data/mcs-instances/mcs30/m3D/m3D/mcs30_m3D_s30.B00,346655,6004,25
data/mcs-instances/mcs30/m3D/m3Dr2/mcs30_m3Dr2_s30.A89 data/mcs-instances/mcs30/m3D/m3Dr2/mcs30_m3Dr2_s30.B89,378037,6321,24
data/mcs-instances/mcs30/m3D/m3Dr6/mcs30_m3Dr6_s30.A92 data/mcs-instances/mcs30/m3D/m3Dr6/mcs30_m3Dr6_s30.B92,513336,9337,24
data/mcs-instances/mcs30/m3D/m3Dr2/mcs30_m3Dr2_s30.A11 data/mcs-instances/mcs30/m3D/m3Dr2/mcs30_m3Dr2_s30.B11,1186330,21997,24
data/mcs-instances/mcs30/m3D/m3D/mcs30_m3D_s30.A35 data/mcs-instances/mcs30/m3D/m3D/mcs30_m3D_s30.B35,1364543,21893,24
data/mcs-instances/mcs30/bvg/b06/mcs30_b06_s100.A99 data/mcs-instances/mcs30/bvg/b06/mcs30_b06_s100.B99,11017405,1000013,0
data/mcs-instances/mcs30/bvg/b06/mcs30_b06_s60.A50 data/mcs-instances/mcs30/bvg/b06/mcs30_b06_s60.B50,20015950,1000014,0
data/mcs-instances/mcs30/bvg/b06/mcs30_b06_s70.A37 data/mcs-instances/mcs30/bvg/b06/mcs30_b06_s70.B37,17416685,1000000,0
data/mcs-instances/mcs30/bvg/b06/mcs30_b06_s80.A13 data/mcs-instances/mcs30/bvg/b06/mcs30_b06_s80.B13,15234359,1000014,0
data/mcs-instances/mcs30/bvg/b03/mcs30_b03_s80.A69 data/mcs-instances/mcs30/bvg/b03/mcs30_b03_s80.B69,17108611,1000010,0
data/mcs-instances/mcs30/m3D/m3D/mcs30_m3D_s40.A42 data/mcs-instances/mcs30/m3D/m3D/mcs30_m3D_s40.B42,5115842,120605,33
data/mcs-instances/mcs30/bvg/b03/mcs30_b03_s100.A76 data/mcs-instances/mcs30/bvg/b03/mcs30_b03_s100.B76,12636004,1000012,0
data/mcs-instances/mcs30/bvg/b03/mcs30_b03_s50.A71 data/mcs-instances/mcs30/bvg/b03/mcs30_b03_s50.B71,37763558,1000000,0
data/mcs-instances/mcs30/rand/r02/mcs30_r02_s20.A96 data/mcs-instances/mcs30/rand/r02/mcs30_r02_s20.B96,12710,206,16
data/mcs-instances/mcs30/rand/r02/mcs30_r02_s20.A97 data/mcs-instances/mcs30/rand/r02/mcs30_r02_s20.B97,44580,727,16
data/mcs-instances/mcs30/rand/r02/mcs30_r02_s25.A35 data/mcs-instances/mcs30/rand/r02/mcs30_r02_s25.B35,253298,4704,19
data/mcs-instances/mcs30/m3D/m3D/mcs30_m3D_s40.A14 data/mcs-instances/mcs30/m3D/m3D/mcs30_m3D_s40.B14,11030903,261363,33
data/mcs-instances/mcs30/bvg/b03/mcs30_b03_s60.A19 data/mcs-instances/mcs30/bvg/b03/mcs30_b03_s60.B19,25642522,1000000,0
data/mcs-instances/mcs30/rand/r02/mcs30_r02_s25.A02 data/mcs-instances/mcs30/rand/r02/mcs30_r02_s25.B02,655069,10630,18
data/mcs-instances/mcs30/bvg/b03/mcs30_b03_s80.A06 data/mcs-instances/mcs30/bvg/b03/mcs30_b03_s80.B06,17053042,1000008,0
data/mcs-instances/mcs30/m3D/m3Dr4/mcs30_m3Dr4_s100.A32 data/mcs-instances/mcs30/m3D/m3Dr4/mcs30_m3Dr4_s100.B32,11377971,1000000,0
data/mcs-instances/mcs30/m3D/m3Dr4/mcs30_m3Dr4_s90.A42 data/mcs-instances/mcs30/m3D/m3Dr4/mcs30_m3Dr4_s90.B42,12563020,1000000,0
data/mcs-instances/mcs30/m3D/m3Dr4/mcs30_m3Dr4_s90.A47 data/mcs-instances/mcs30/m3D/m3Dr4/mcs30_m3Dr4_s90.B47,12790832,1000000,0
data/mcs-instances/mcs30/m3D/m3Dr4/mcs30_m3Dr4_s100.A83 data/mcs-instances/mcs30/m3D/m3Dr4/mcs30_m3Dr4_s100.B83,11540983,1000011,0
data/mcs-instances/mcs30/m3D/m3Dr6/mcs30_m3Dr6_s80.A14 data/mcs-instances/mcs30/m3D/m3Dr6/mcs30_m3Dr6_s80.B14,14470073,1000011,0
data/mcs-instances/mcs30/m3D/m3Dr6/mcs30_m3Dr6_s80.A37 data/mcs-instances/mcs30/m3D/m3Dr6/mcs30_m3Dr6_s80.B37,14204398,1000013,0
data/mcs-instances/mcs30/m3D/m3Dr6/mcs30_m3Dr6_s70.A29 data/mcs-instances/mcs30/m3D/m3Dr6/mcs30_m3Dr6_s70.B29,16629311,1000000,0
data/mcs-instances/mcs30/m3D/m3Dr6/mcs30_m3Dr6_s90.A12 data/mcs-instances/mcs30/m3D/m3Dr6/mcs30_m3Dr6_s90.B12,12487771,1000013,0
data/mcs-instances/mcs30/m3D/m3Dr6/mcs30_m3Dr6_s70.A87 data/mcs-instances/mcs30/m3D/m3Dr6/mcs30_m3Dr6_s70.B87,17558706,1000000,0
data/mcs-instances/mcs30/m3D/m3Dr2/mcs30_m3Dr2_s40.A13 data/mcs-instances/mcs30/m3D/m3Dr2/mcs30_m3Dr2_s40.B13,48851274,1000011,0
data/mcs-instances/mcs30/rand/r005/mcs30_r005_s25.A57 data/mcs-instances/mcs30/rand/r005/mcs30_r005_s25.B57,9067,193,22
data/mcs-instances/mcs30/m3D/m3Dr6/mcs30_m3Dr6_s40.A44 data/mcs-instances/mcs30/m3D/m3Dr6/mcs30_m3Dr6_s40.B44,38035707,1000013,0
data/mcs-instances/mcs30/m3D/m3Dr6/mcs30_m3Dr6_s80.A46 data/mcs-instances/mcs30/m3D/m3Dr6/mcs30_m3Dr6_s80.B46,14565941,1000014,0
data/mcs-instances/mcs30/m3D/m3D/mcs30_m3D_s80.A46 data/mcs-instances/mcs30/m3D/m3D/mcs30_m3D_s80.B46,15501285,1000012,0
data/mcs-instances/mcs30/m3D/m3D/mcs30_m3D_s70.A19 data/mcs-instances/mcs30/m3D/m3D/mcs30_m3D_s70.B19,18081318,1000005,0
data/mcs-instances/mcs30/m3D/m3D/mcs30_m3D_s80.A17 data/mcs-instances/mcs30/m3D/m3D/mcs30_m3D_s80.B17,15960320,1000006,0
data/mcs-instances/mcs30/m3D/m3D/mcs30_m3D_s80.A88 data/mcs-instances/mcs30/m3D/m3D/mcs30_m3D_s80.B88,15572012,1000014,0
data/mcs-instances/mcs30/m3D/m3D/mcs30_m3D_s100.A92 data/mcs-instances/mcs30/m3D/m3D/mcs30_m3D_s100.B92,11309309,1000001,0
data/mcs-instances/mcs30/m3D/m3Dr2/mcs30_m3Dr2_s70.A77 data/mcs-instances/mcs30/m3D/m3Dr2/mcs30_m3Dr2_s70.B77,17544449,1000014,0
data/mcs-instances/mcs30/m4D/m4Dr4/mcs30_m4Dr4_s50.A45 data/mcs-instances/mcs30/m4D/m4Dr4/mcs30_m4Dr4_s50.B45,30430593,1000001,0
data/mcs-instances/mcs30/m4D/m4Dr4/mcs30_m4Dr4_s50.A19 data/mcs-instances/mcs30/m4D/m4Dr4/mcs30_m4Dr4_s50.B19,31755247,1000010,0
data/mcs-instances/mcs30/m3D/m3Dr2/mcs30_m3Dr2_s90.A52 data/mcs-instances/mcs30/m3D/m3Dr2/mcs30_m3Dr2_s90.B52,12794257,1000005,0
data/mcs-instances/mcs30/m4D/m4Dr4/mcs30_m4Dr4_s90.A92 data/mcs-instances/mcs30/m4D/m4Dr4/mcs30_m4Dr4_s90.B92,14407715,1000008,0
data/mcs-instances/mcs30/m4D/m4Dr4/mcs30_m4Dr4_s50.A31 data/mcs-instances/mcs30/m4D/m4Dr4/mcs30_m4Dr4_s50.B31,32009922,1000001,0
data/mcs-instances/mcs30/m4D/m4Dr4/mcs30_m4Dr4_s70.A44 data/mcs-instances/mcs30/m4D/m4Dr4/mcs30_m4Dr4_s70.B44,18885574,1000012,0
data/mcs-instances/mcs30/m4D/m4Dr4/mcs30_m4Dr4_s60.A49 data/mcs-instances/mcs30/m4D/m4Dr4/mcs30_m4Dr4_s60.B49,23511581,1000020,0
data/mcs-instances/mcs30/m4D/m4Dr6/mcs30_m4Dr6_s60.A15 data/mcs-instances/mcs30/m4D/m4Dr6/mcs30_m4Dr6_s60.B15,21954580,1000010,0
data/mcs-instances/mcs30/m4D/m4Dr4/mcs30_m4Dr4_s60.A24 data/mcs-instances/mcs30/m4D/m4Dr4/mcs30_m4Dr4_s60.B24,25066390,1000014,0
data/mcs-instances/mcs30/m4D/m4Dr4/mcs30_m4Dr4_s50.A91 data/mcs-instances/mcs30/m4D/m4Dr4/mcs30_m4Dr4_s50.B91,32473494,1000009,0
data/mcs-instances/mcs30/m4D/m4Dr4/mcs30_m4Dr4_s60.A99 data/mcs-instances/mcs30/m4D/m4Dr4/mcs30_m4Dr4_s60.B99,23877199,1000000,0
data/mcs-instances/mcs30/rand/r01/mcs30_r01_s20.A36 data/mcs-instances/mcs30/rand/r01/mcs30_r01_s20.B36,1476,22,17
data/mcs-instances/mcs30/m4D/m4Dr4/mcs30_m4Dr4_s80.A66 data/mcs-instances/mcs30/m4D/m4Dr4/mcs30_m4Dr4_s80.B66,16775369,1000015,0
data/mcs-instances/mcs30/m4D/m4Dr6/mcs30_m4Dr6_s80.A50 data/mcs-instances/mcs30/m4D/m4Dr6/mcs30_m4Dr6_s80.B50,15541192,1000012,0
data/mcs-instances/mcs30/m4D/m4Dr6/mcs30_m4Dr6_s60.A61 data/mcs-instances/mcs30/m4D/m4Dr6/mcs30_m4Dr6_s60.B61,21573491,1000012,0
data/mcs-instances/mcs30/m4D/m4Dr6/mcs30_m4Dr6_s60.A87 data/mcs-instances/mcs30/m4D/m4Dr6/mcs30_m4Dr6_s60.B87,23215791,1000015,0
data/mcs-instances/mcs30/m4D/m4Dr6/mcs30_m4Dr6_s70.A53 data/mcs-instances/mcs30/m4D/m4Dr6/mcs30_m4Dr6_s70.B53,18201244,1000002,0
data/mcs-instances/mcs30/m4D/m4Dr6/mcs30_m4Dr6_s80.A08 data/mcs-instances/mcs30/m4D/m4Dr6/mcs30_m4Dr6_s80.B08,15898266,1000001,0
data/mcs-instances/mcs30/m4D/m4Dr6/mcs30_m4Dr6_s70.A22 data/mcs-instances/mcs30/m4D/m4Dr6/mcs30_m4Dr6_s70.B22,18928607,1000013,0
data/mcs-instances/mcs30/m4D/m4Dr6/mcs30_m4Dr6_s80.A07 data/mcs-instances/mcs30/m4D/m4Dr6/mcs30_m4Dr6_s80.B07,15949913,1000015,0
data/mcs-instances/mcs30/m4D/m4Dr6/mcs30_m4Dr6_s60.A79 data/mcs-instances/mcs30/m4D/m4Dr6/mcs30_m4Dr6_s60.B79,23308926,1000013,0
data/mcs-instances/mcs30/m4D/m4Dr6/mcs30_m4Dr6_s80.A96 data/mcs-instances/mcs30/m4D/m4Dr6/mcs30_m4Dr6_s80.B96,15939719,1000013,0
data/mcs-instances/mcs30/m4D/m4D/mcs30_m4D_s50.A45 data/mcs-instances/mcs30/m4D/m4D/mcs30_m4D_s50.B45,35789477,1000000,0
data/mcs-instances/mcs30/m4D/m4D/mcs30_m4D_s90.A77 data/mcs-instances/mcs30/m4D/m4D/mcs30_m4D_s90.B77,14772215,1000001,0
data/mcs-instances/mcs30/m4D/m4D/mcs30_m4D_s50.A19 data/mcs-instances/mcs30/m4D/m4D/mcs30_m4D_s50.B19,36311213,1000012,0
data/mcs-instances/mcs30/m4D/m4D/mcs30_m4D_s90.A92 data/mcs-instances/mcs30/m4D/m4D/mcs30_m4D_s90.B92,15886987,1000000,0
data/mcs-instances/mcs30/m4D/m4D/mcs30_m4D_s70.A75 data/mcs-instances/mcs30/m4D/m4D/mcs30_m4D_s70.B75,19903785,1000014,0
data/mcs-instances/mcs30/rand/r01/mcs30_r01_s25.A21 data/mcs-instances/mcs30/rand/r01/mcs30_r01_s25.B21,17417,316,21
data/mcs-instances/mcs30/m4D/m4D/mcs30_m4D_s50.A46 data/mcs-instances/mcs30/m4D/m4D/mcs30_m4D_s50.B46,43564373,1000013,0
data/mcs-instances/mcs30/m2D/m2Dr2/mcs30_m2Dr2_s30.A02 data/mcs-instances/mcs30/m2D/m2Dr2/mcs30_m2Dr2_s30.B02,15290,344,26
data/mcs-instances/mcs30/m2D/m2Dr2/mcs30_m2Dr2_s30.A44 data/mcs-instances/mcs30/m2D/m2Dr2/mcs30_m2Dr2_s30.B44,21621,412,26
data/mcs-instances/mcs30/m4D/m4D/mcs30_m4D_s90.A32 data/mcs-instances/mcs30/m4D/m4D/mcs30_m4D_s90.B32,15530310,1000012,0
data/mcs-instances/mcs30/m2D/m2Dr4/mcs30_m2Dr4_s30.A27 data/mcs-instances/mcs30/m2D/m2Dr4/mcs30_m2Dr4_s30.B27,21871,456,25
data/mcs-instances/mcs30/m4D/m4D/mcs30_m4D_s70.A44 data/mcs-instances/mcs30/m4D/m4D/mcs30_m4D_s70.B44,21279520,1000013,0
data/mcs-instances/mcs30/m2D/m2Dr4/mcs30_m2Dr4_s30.A43 data/mcs-instances/mcs30/m2D/m2Dr4/mcs30_m2Dr4_s30.B43,108482,1888,25
data/mcs-instances/mcs30/m4D/m4D/mcs30_m4D_s50.A91 data/mcs-instances/mcs30/m4D/m4D/mcs30_m4D_s50.B91,29732649,1000014,0
data/mcs-instances/mcs30/m2D/m2Dr4/mcs30_m2Dr4_s30.A88 data/mcs-instances/mcs30/m2D/m2Dr4/mcs30_m2Dr4_s30.B88,72398,1309,25
data/mcs-instances/mcs30/m4D/m4D/mcs30_m4D_s50.A31 data/mcs-instances/mcs30/m4D/m4D/mcs30_m4D_s50.B31,32371254,1000000,0
data/mcs-instances/mcs30/m4D/m4Dr2/mcs30_m4Dr2_s50.A36 data/mcs-instances/mcs30/m4D/m4Dr2/mcs30_m4Dr2_s50.B36,34921817,1000000,0
data/mcs-instances/mcs30/m2D/m2Dr4/mcs30_m2Dr4_s30.A13 data/mcs-instances/mcs30/m2D/m2Dr4/mcs30_m2Dr4_s30.B13,429270,7918,24
data/mcs-instances/mcs30/m4D/m4Dr2/mcs30_m4Dr2_s70.A38 data/mcs-instances/mcs30/m4D/m4Dr2/mcs30_m4Dr2_s70.B38,19323675,1000011,0
data/mcs-instances/mcs30/m2D/m2Dr6/mcs30_m2Dr6_s30.A16 data/mcs-instances/mcs30/m2D/m2Dr6/mcs30_m2Dr6_s30.B16,571762,9698,24
data/mcs-instances/mcs30/m4D/m4Dr2/mcs30_m4Dr2_s60.A72 data/mcs-instances/mcs30/m4D/m4Dr2/mcs30_m4Dr2_s60.B72,23290719,1000014,0
data/mcs-instances/mcs30/m4D/m4Dr2/mcs30_m4Dr2_s90.A48 data/mcs-instances/mcs30/m4D/m4Dr2/mcs30_m4Dr2_s90.B48,15934411,1000013,0
data/mcs-instances/mcs30/m4D/m4Dr2/mcs30_m4Dr2_s50.A55 data/mcs-instances/mcs30/m4D/m4Dr2/mcs30_m4Dr2_s50.B55,34306711,1000000,0
data/mcs-instances/mcs30/m2D/m2D/mcs30_m2D_s30.A73 data/mcs-instances/mcs30/m2D/m2D/mcs30_m2D_s30.B73,22691,384,26
data/mcs-instances/mcs30/m4D/m4Dr2/mcs30_m4Dr2_s90.A39 data/mcs-instances/mcs30/m4D/m4Dr2/mcs30_m4Dr2_s90.B39,14383743,1000013,0
data/mcs-instances/mcs30/m2D/m2D/mcs30_m2D_s30.A90 data/mcs-instances/mcs30/m2D/m2D/mcs30_m2D_s30.B90,26037,472,26
data/mcs-instances/mcs30/m4D/m4Dr2/mcs30_m4Dr2_s80.A28 data/mcs-instances/mcs30/m4D/m4Dr2/mcs30_m4Dr2_s80.B28,16537013,1000013,0
data/mcs-instances/mcs30/m4D/m4Dr2/mcs30_m4Dr2_s80.A68 data/mcs-instances/mcs30/m4D/m4Dr2/mcs30_m4Dr2_s80.B68,16478256,1000013,0
data/mcs-instances/mcs30/rand/r01/mcs30_r01_s35.A15 data/mcs-instances/mcs30/rand/r01/mcs30_r01_s35.B15,2504228,56263,27
data/mcs-instances/mcs30/m2D/m2D/mcs30_m2D_s30.A38 data/mcs-instances/mcs30/m2D/m2D/mcs30_m2D_s30.B38,31278,604,26
data/mcs-instances/mcs30/m4D/m4Dr2/mcs30_m4Dr2_s80.A98 data/mcs-instances/mcs30/m4D/m4Dr2/mcs30_m4Dr2_s80.B98,17076776,1000011,0
data/mcs-instances/mcs50/bvg/b03m/mcs50_b03m_s30.A89 data/mcs-instances/mcs50/bvg/b03m/mcs50_b03m_s30.B89,34378,632,26
data/mcs-instances/mcs30/m4D/m4Dr2/mcs30_m4Dr2_s70.A84 data/mcs-instances/mcs30/m4D/m4Dr2/mcs30_m4Dr2_s70.B84,21329833,1000014,0
data/mcs-instances/mcs30/rand/r02/mcs30_r02_s40.A95 data/mcs-instances/mcs30/rand/r02/mcs30_r02_s40.B95,30539503,1000000,0
data/mcs-instances/mcs50/bvg/b03m/mcs50_b03m_s15.A66 data/mcs-instances/mcs50/bvg/b03m/mcs50_b03m_s15.B66,97,12,13
data/mcs-instances/mcs30/rand/r02/mcs30_r02_s50.A82 data/mcs-instances/mcs30/rand/r02/mcs30_r02_s50.B82,20635437,1000000,0
data/mcs-instances/mcs30/rand/r02/mcs30_r02_s40.A88 data/mcs-instances/mcs30/rand/r02/mcs30_r02_s40.B88,32810363,1000010,0
data/mcs-instances/mcs50/bvg/b03m/mcs50_b03m_s20.A83 data/mcs-instances/mcs50/bvg/b03m/mcs50_b03m_s20.B83,1292,18,18
data/mcs-instances/mcs30/rand/r02/mcs30_r02_s50.A22 data/mcs-instances/mcs30/rand/r02/mcs30_r02_s50.B22,18969962,1000012,0
data/mcs-instances/mcs30/rand/r02/mcs30_r02_s40.A52 data/mcs-instances/mcs30/rand/r02/mcs30_r02_s40.B52,30395503,1000010,0
data/mcs-instances/mcs50/bvg/b03m/mcs50_b03m_s10.A64 data/mcs-instances/mcs50/bvg/b03m/mcs50_b03m_s10.B64,12,0,9
data/mcs-instances/mcs30/rand/r02/mcs30_r02_s50.A03 data/mcs-instances/mcs30/rand/r02/mcs30_r02_s50.B03,21486859,1000012,0
data/mcs-instances/mcs30/rand/r005/mcs30_r005_s50.A06 data/mcs-instances/mcs30/rand/r005/mcs30_r005_s50.B06,30147120,1000000,0
data/mcs-instances/mcs50/bvg/b06m/mcs50_b06m_s20.A35 data/mcs-instances/mcs50/bvg/b06m/mcs50_b06m_s20.B35,19319,260,16
data/mcs-instances/mcs30/rand/r005/mcs30_r005_s90.A96 data/mcs-instances/mcs30/rand/r005/mcs30_r005_s90.B96,11560448,1000013,0
data/mcs-instances/mcs30/rand/r005/mcs30_r005_s70.A62 data/mcs-instances/mcs30/rand/r005/mcs30_r005_s70.B62,16147651,1000000,0
data/mcs-instances/mcs30/rand/r005/mcs30_r005_s70.A46 data/mcs-instances/mcs30/rand/r005/mcs30_r005_s70.B46,16101271,1000013,0
data/mcs-instances/mcs50/bvg/b06m/mcs50_b06m_s35.A60 data/mcs-instances/mcs50/bvg/b06m/mcs50_b06m_s35.B60,7080971,161767,28
data/mcs-instances/mcs30/rand/r005/mcs30_r005_s80.A78 data/mcs-instances/mcs30/rand/r005/mcs30_r005_s80.B78,13175017,1000000,0
data/mcs-instances/mcs30/rand/r005/mcs30_r005_s90.A84 data/mcs-instances/mcs30/rand/r005/mcs30_r005_s90.B84,11896442,1000013,0
data/mcs-instances/mcs30/rand/r005/mcs30_r005_s60.A66 data/mcs-instances/mcs30/rand/r005/mcs30_r005_s60.B66,20872864,1000013,0
data/mcs-instances/mcs30/rand/r005/mcs30_r005_s70.A02 data/mcs-instances/mcs30/rand/r005/mcs30_r005_s70.B02,16398032,1000013,0
data/mcs-instances/mcs30/rand/r005/mcs30_r005_s90.A41 data/mcs-instances/mcs30/rand/r005/mcs30_r005_s90.B41,11060381,1000013,0
data/mcs-instances/mcs30/rand/r001/mcs30_r001_s100.A46 data/mcs-instances/mcs30/rand/r001/mcs30_r001_s100.B46,15100131,1000012,0
data/mcs-instances/mcs50/bvg/b09m/mcs50_b09m_s30.A23 data/mcs-instances/mcs50/bvg/b09m/mcs50_b09m_s30.B23,10321758,197271,23
data/mcs-instances/mcs30/rand/r001/mcs30_r001_s100.A89 data/mcs-instances/mcs30/rand/r001/mcs30_r001_s100.B89,12328609,1000000,0
data/mcs-instances/mcs50/bvg/b09m/mcs50_b09m_s25.A76 data/mcs-instances/mcs50/bvg/b09m/mcs50_b09m_s25.B76,227725,3804,20
data/mcs-instances/mcs30/rand/r001/mcs30_r001_s100.A69 data/mcs-instances/mcs30/rand/r001/mcs30_r001_s100.B69,5809843,1000011,0
data/mcs-instances/mcs30/rand/r001/mcs30_r001_s100.A39 data/mcs-instances/mcs30/rand/r001/mcs30_r001_s100.B39,14829011,1000003,0
data/mcs-instances/mcs30/rand/r001/mcs30_r001_s100.A38 data/mcs-instances/mcs30/rand/r001/mcs30_r001_s100.B38,13782861,1000014,0
data/mcs-instances/mcs30/rand/r001/mcs30_r001_s100.A06 data/mcs-instances/mcs30/rand/r001/mcs30_r001_s100.B06,9161544,1000000,0
data/mcs-instances/mcs30/rand/r001/mcs30_r001_s100.A29 data/mcs-instances/mcs30/rand/r001/mcs30_r001_s100.B29,3210309,1000007,0
data/mcs-instances/mcs30/rand/r001/mcs30_r001_s100.A28 data/mcs-instances/mcs30/rand/r001/mcs30_r001_s100.B28,12745304,1000026,0
data/mcs-instances/mcs30/rand/r001/mcs30_r001_s100.A27 data/mcs-instances/mcs30/rand/r001/mcs30_r001_s100.B27,12076208,1000009,0
data/mcs-instances/mcs30/rand/r001/mcs30_r001_s100.A17 data/mcs-instances/mcs30/rand/r001/mcs30_r001_s100.B17,13460212,1000012,0
data/mcs-instances/mcs30/rand/r01/mcs30_r01_s80.A26 data/mcs-instances/mcs30/rand/r01/mcs30_r01_s80.B26,13369149,1000000,0
data/mcs-instances/mcs30/rand/r01/mcs30_r01_s60.A93 data/mcs-instances/mcs30/rand/r01/mcs30_r01_s60.B93,19698464,1000015,0
data/mcs-instances/mcs30/rand/r01/mcs30_r01_s50.A59 data/mcs-instances/mcs30/rand/r01/mcs30_r01_s50.B59,25874030,1000000,0
data/mcs-instances/mcs30/rand/r01/mcs30_r01_s80.A67 data/mcs-instances/mcs30/rand/r01/mcs30_r01_s80.B67,13406219,1000001,0
data/mcs-instances/mcs30/rand/r01/mcs30_r01_s50.A13 data/mcs-instances/mcs30/rand/r01/mcs30_r01_s50.B13,27789761,1000004,0
data/mcs-instances/mcs30/m2D/m2Dr2/mcs30_m2Dr2_s60.A76 data/mcs-instances/mcs30/m2D/m2Dr2/mcs30_m2Dr2_s60.B76,22069851,1000001,0
data/mcs-instances/mcs30/rand/r01/mcs30_r01_s90.A19 data/mcs-instances/mcs30/rand/r01/mcs30_r01_s90.B19,11411353,1000015,0
data/mcs-instances/mcs30/m2D/m2Dr2/mcs30_m2Dr2_s100.A63 data/mcs-instances/mcs30/m2D/m2Dr2/mcs30_m2Dr2_s100.B63,12412019,1000005,0
data/mcs-instances/mcs30/m2D/m2Dr2/mcs30_m2Dr2_s70.A70 data/mcs-instances/mcs30/m2D/m2Dr2/mcs30_m2Dr2_s70.B70,19594949,1000002,0
data/mcs-instances/mcs30/rand/r01/mcs30_r01_s50.A54 data/mcs-instances/mcs30/rand/r01/mcs30_r01_s50.B54,27055057,1000013,0
data/mcs-instances/mcs30/m2D/m2Dr2/mcs30_m2Dr2_s80.A09 data/mcs-instances/mcs30/m2D/m2Dr2/mcs30_m2Dr2_s80.B09,16634529,1000012,0
data/mcs-instances/mcs30/m2D/m2Dr2/mcs30_m2Dr2_s100.A18 data/mcs-instances/mcs30/m2D/m2Dr2/mcs30_m2Dr2_s100.B18,11629928,1000000,0
data/mcs-instances/mcs30/m2D/m2Dr2/mcs30_m2Dr2_s70.A81 data/mcs-instances/mcs30/m2D/m2Dr2/mcs30_m2Dr2_s70.B81,18515956,1000014,0
data/mcs-instances/mcs30/m2D/m2Dr2/mcs30_m2Dr2_s100.A82 data/mcs-instances/mcs30/m2D/m2Dr2/mcs30_m2Dr2_s100.B82,12555238,1000000,0
data/mcs-instances/mcs50/bvg/b06/mcs50_b06_s15.A04 data/mcs-instances/mcs50/bvg/b06/mcs50_b06_s15.B04,698,12,13
data/mcs-instances/mcs30/m2D/m2Dr2/mcs30_m2Dr2_s50.A37 data/mcs-instances/mcs30/m2D/m2Dr2/mcs30_m2Dr2_s50.B37,31759689,1000016,0
data/mcs-instances/mcs30/m2D/m2Dr4/mcs30_m2Dr4_s60.A33 data/mcs-instances/mcs30/m2D/m2Dr4/mcs30_m2Dr4_s60.B33,22927656,1000014,0
data/mcs-instances/mcs50/bvg/b03/mcs50_b03_s20.A83 data/mcs-instances/mcs50/bvg/b03/mcs50_b03_s20.B83,131,3,18
data/mcs-instances/mcs30/m2D/m2Dr4/mcs30_m2Dr4_s60.A71 data/mcs-instances/mcs30/m2D/m2Dr4/mcs30_m2Dr4_s60.B71,21634474,1000013,0
data/mcs-instances/mcs30/m2D/m2Dr4/mcs30_m2Dr4_s80.A57 data/mcs-instances/mcs30/m2D/m2Dr4/mcs30_m2Dr4_s80.B57,14978810,1000013,0
data/mcs-instances/mcs50/bvg/b03/mcs50_b03_s10.A64 data/mcs-instances/mcs50/bvg/b03/mcs50_b03_s10.B64,42,0,9
data/mcs-instances/mcs50/bvg/b06/mcs50_b06_s20.A50 data/mcs-instances/mcs50/bvg/b06/mcs50_b06_s20.B50,23873,307,16
data/mcs-instances/mcs30/m2D/m2Dr4/mcs30_m2Dr4_s50.A25 data/mcs-instances/mcs30/m2D/m2Dr4/mcs30_m2Dr4_s50.B25,32706165,1000000,0
data/mcs-instances/mcs30/m2D/m2Dr4/mcs30_m2Dr4_s60.A11 data/mcs-instances/mcs30/m2D/m2Dr4/mcs30_m2Dr4_s60.B11,22021390,1000014,0
data/mcs-instances/mcs50/bvg/b03/mcs50_b03_s10.A14 data/mcs-instances/mcs50/bvg/b03/mcs50_b03_s10.B14,8,0,9
data/mcs-instances/mcs50/bvg/b03/mcs50_b03_s30.A11 data/mcs-instances/mcs50/bvg/b03/mcs50_b03_s30.B11,23902,398,26
data/mcs-instances/mcs30/m2D/m2Dr4/mcs30_m2Dr4_s70.A49 data/mcs-instances/mcs30/m2D/m2Dr4/mcs30_m2Dr4_s70.B49,18636190,1000000,0
data/mcs-instances/mcs50/m3D/m3Dr4/mcs50_m3Dr4_s20.A25 data/mcs-instances/mcs50/m3D/m3Dr4/mcs50_m3Dr4_s20.B25,2183,37,16
data/mcs-instances/mcs50/m3D/m3Dr4/mcs50_m3Dr4_s15.A00 data/mcs-instances/mcs50/m3D/m3Dr4/mcs50_m3Dr4_s15.B00,38,4,13
data/mcs-instances/mcs50/m3D/m3Dr4/mcs50_m3Dr4_s20.A67 data/mcs-instances/mcs50/m3D/m3Dr4/mcs50_m3Dr4_s20.B67,15141,186,16
data/mcs-instances/mcs50/bvg/b03/mcs50_b03_s30.A71 data/mcs-instances/mcs50/bvg/b03/mcs50_b03_s30.B71,75644,1310,26
data/mcs-instances/mcs50/m3D/m3Dr4/mcs50_m3Dr4_s20.A04 data/mcs-instances/mcs50/m3D/m3Dr4/mcs50_m3Dr4_s20.B04,7515,105,16
data/mcs-instances/mcs50/m3D/m3Dr4/mcs50_m3Dr4_s15.A30 data/mcs-instances/mcs50/m3D/m3Dr4/mcs50_m3Dr4_s15.B30,337,5,12
data/mcs-instances/mcs50/bvg/b03/mcs50_b03_s30.A31 data/mcs-instances/mcs50/bvg/b03/mcs50_b03_s30.B31,57111,1122,26
data/mcs-instances/mcs50/bvg/b06/mcs50_b06_s25.A19 data/mcs-instances/mcs50/bvg/b06/mcs50_b06_s25.B19,184123,3007,20
data/mcs-instances/mcs30/m2D/m2Dr6/mcs30_m2Dr6_s60.A64 data/mcs-instances/mcs30/m2D/m2Dr6/mcs30_m2Dr6_s60.B64,20193971,1000000,0
data/mcs-instances/mcs50/bvg/b09m/mcs50_b09m_s20.A40 data/mcs-instances/mcs50/bvg/b09m/mcs50_b09m_s20.B40,358252,4509,16
data/mcs-instances/mcs30/m2D/m2Dr6/mcs30_m2Dr6_s60.A33 data/mcs-instances/mcs30/m2D/m2Dr6/mcs30_m2Dr6_s60.B33,23296048,1000013,0
data/mcs-instances/mcs50/m3D/m3Dr6/mcs50_m3Dr6_s20.A77 data/mcs-instances/mcs50/m3D/m3Dr6/mcs50_m3Dr6_s20.B77,7478,99,16
data/mcs-instances/mcs50/m3D/m3Dr6/mcs50_m3Dr6_s15.A69 data/mcs-instances/mcs50/m3D/m3Dr6/mcs50_m3Dr6_s15.B69,31,13,13
data/mcs-instances/mcs30/m2D/m2Dr6/mcs30_m2Dr6_s50.A73 data/mcs-instances/mcs30/m2D/m2Dr6/mcs30_m2Dr6_s50.B73,30049456,1000000,0
data/mcs-instances/mcs50/m3D/m3Dr6/mcs50_m3Dr6_s20.A42 data/mcs-instances/mcs50/m3D/m3Dr6/mcs50_m3Dr6_s20.B42,5371,77,16
data/mcs-instances/mcs50/m3D/m3Dr6/mcs50_m3Dr6_s20.A84 data/mcs-instances/mcs50/m3D/m3Dr6/mcs50_m3Dr6_s20.B84,28724,360,16
data/mcs-instances/mcs30/m2D/m2Dr6/mcs30_m2Dr6_s100.A25 data/mcs-instances/mcs30/m2D/m2Dr6/mcs30_m2Dr6_s100.B25,12005398,1000013,0
data/mcs-instances/mcs30/m2D/m2Dr6/mcs30_m2Dr6_s50.A24 data/mcs-instances/mcs30/m2D/m2Dr6/mcs30_m2Dr6_s50.B24,31365318,1000013,0
data/mcs-instances/mcs30/m2D/m2Dr6/mcs30_m2Dr6_s60.A14 data/mcs-instances/mcs30/m2D/m2Dr6/mcs30_m2Dr6_s60.B14,22172246,1000014,0
data/mcs-instances/mcs30/m2D/m2Dr6/mcs30_m2Dr6_s60.A66 data/mcs-instances/mcs30/m2D/m2Dr6/mcs30_m2Dr6_s60.B66,20885284,1000000,0
data/mcs-instances/mcs50/m3D/m3D/mcs50_m3D_s20.A54 data/mcs-instances/mcs50/m3D/m3D/mcs50_m3D_s20.B54,2081,30,17
data/mcs-instances/mcs50/m3D/m3D/mcs50_m3D_s20.A48 data/mcs-instances/mcs50/m3D/m3D/mcs50_m3D_s20.B48,6047,75,17
data/mcs-instances/mcs30/m2D/m2Dr6/mcs30_m2Dr6_s50.A63 data/mcs-instances/mcs30/m2D/m2Dr6/mcs30_m2Dr6_s50.B63,30371394,1000013,0
data/mcs-instances/mcs50/m3D/m3D/mcs50_m3D_s20.A66 data/mcs-instances/mcs50/m3D/m3D/mcs50_m3D_s20.B66,40663,433,17
data/mcs-instances/mcs30/m2D/m2Dr6/mcs30_m2Dr6_s70.A36 data/mcs-instances/mcs30/m2D/m2Dr6/mcs30_m2Dr6_s70.B36,18716909,1000013,0
data/mcs-instances/mcs30/m2D/m2D/mcs30_m2D_s80.A32 data/mcs-instances/mcs30/m2D/m2D/mcs30_m2D_s80.B32,17173225,1000013,0
data/mcs-instances/mcs50/m3D/m3D/mcs50_m3D_s20.A30 data/mcs-instances/mcs50/m3D/m3D/mcs50_m3D_s20.B30,2490,53,17
data/mcs-instances/mcs30/m2D/m2D/mcs30_m2D_s60.A46 data/mcs-instances/mcs30/m2D/m2D/mcs30_m2D_s60.B46,23881044,1000000,0
data/mcs-instances/mcs50/m3D/m3D/mcs50_m3D_s15.A69 data/mcs-instances/mcs50/m3D/m3D/mcs50_m3D_s15.B69,195,14,13
data/mcs-instances/mcs30/m2D/m2D/mcs30_m2D_s60.A73 data/mcs-instances/mcs30/m2D/m2D/mcs30_m2D_s60.B73,24486839,1000013,0
data/mcs-instances/mcs50/m3D/m3Dr2/mcs50_m3Dr2_s20.A75 data/mcs-instances/mcs50/m3D/m3Dr2/mcs50_m3Dr2_s20.B75,19064,265,16
data/mcs-instances/mcs50/m3D/m3Dr2/mcs50_m3Dr2_s15.A37 data/mcs-instances/mcs50/m3D/m3Dr2/mcs50_m3Dr2_s15.B37,759,13,12
data/mcs-instances/mcs30/m2D/m2D/mcs30_m2D_s70.A54 data/mcs-instances/mcs30/m2D/m2D/mcs30_m2D_s70.B54,20117016,1000013,0
data/mcs-instances/mcs50/m3D/m3Dr2/mcs50_m3Dr2_s15.A78 data/mcs-instances/mcs50/m3D/m3Dr2/mcs50_m3Dr2_s15.B78,402,5,13
data/mcs-instances/mcs30/m2D/m2D/mcs30_m2D_s60.A17 data/mcs-instances/mcs30/m2D/m2D/mcs30_m2D_s60.B17,25942446,1000013,0
data/mcs-instances/mcs50/m3D/m3Dr2/mcs50_m3Dr2_s20.A84 data/mcs-instances/mcs50/m3D/m3Dr2/mcs50_m3Dr2_s20.B84,3881,60,16
data/mcs-instances/mcs30/m2D/m2D/mcs30_m2D_s70.A06 data/mcs-instances/mcs30/m2D/m2D/mcs30_m2D_s70.B06,20880185,1000013,0
data/mcs-instances/mcs50/bvg/b09/mcs50_b09_s20.A04 data/mcs-instances/mcs50/bvg/b09/mcs50_b09_s20.B04,6382711,97908,16
data/mcs-instances/mcs50/m3D/m3Dr2/mcs50_m3Dr2_s15.A54 data/mcs-instances/mcs50/m3D/m3Dr2/mcs50_m3Dr2_s15.B54,285,4,12
data/mcs-instances/mcs30/m2D/m2D/mcs30_m2D_s50.A92 data/mcs-instances/mcs30/m2D/m2D/mcs30_m2D_s50.B92,35724801,1000012,0
data/mcs-instances/mcs50/bvg/b06m/mcs50_b06m_s35.A00 data/mcs-instances/mcs50/bvg/b06m/mcs50_b06m_s35.B00,51115729,981617,27
data/mcs-instances/mcs50/m4D/m4Dr4/mcs50_m4Dr4_s30.A35 data/mcs-instances/mcs50/m4D/m4Dr4/mcs50_m4Dr4_s30.B35,208633,3522,25
data/mcs-instances/mcs50/bvg/b06/mcs50_b06_s35.A00 data/mcs-instances/mcs50/bvg/b06/mcs50_b06_s35.B00,4317430,92893,28
data/mcs-instances/mcs50/m4D/m4Dr4/mcs50_m4Dr4_s30.A11 data/mcs-instances/mcs50/m4D/m4Dr4/mcs50_m4Dr4_s30.B11,184902,3211,25
data/mcs-instances/mcs50/m4D/m4Dr4/mcs50_m4Dr4_s35.A24 data/mcs-instances/mcs50/m4D/m4Dr4/mcs50_m4Dr4_s35.B24,1377612,29370,29
data/mcs-instances/mcs50/m4D/m4Dr4/mcs50_m4Dr4_s30.A68 data/mcs-instances/mcs50/m4D/m4Dr4/mcs50_m4Dr4_s30.B68,33850,665,25
data/mcs-instances/mcs50/m4D/m4Dr4/mcs50_m4Dr4_s30.A05 data/mcs-instances/mcs50/m4D/m4Dr4/mcs50_m4Dr4_s30.B05,93727,1671,25
data/mcs-instances/mcs50/bvg/b03m/mcs50_b03m_s60.A65 data/mcs-instances/mcs50/bvg/b03m/mcs50_b03m_s60.B65,25580408,1000014,0
data/mcs-instances/mcs50/m4D/m4Dr4/mcs50_m4Dr4_s30.A42 data/mcs-instances/mcs50/m4D/m4Dr4/mcs50_m4Dr4_s30.B42,2048552,33843,24
data/mcs-instances/mcs50/m4D/m4Dr6/mcs50_m4Dr6_s30.A70 data/mcs-instances/mcs50/m4D/m4Dr6/mcs50_m4Dr6_s30.B70,1294603,22144,25
data/mcs-instances/mcs50/bvg/b03m/mcs50_b03m_s60.A21 data/mcs-instances/mcs50/bvg/b03m/mcs50_b03m_s60.B21,22353374,1000014,0
data/mcs-instances/mcs50/bvg/b09/mcs50_b09_s20.A41 data/mcs-instances/mcs50/bvg/b09/mcs50_b09_s20.B41,15463529,212843,16
data/mcs-instances/mcs50/m4D/m4Dr4/mcs50_m4Dr4_s35.A39 data/mcs-instances/mcs50/m4D/m4Dr4/mcs50_m4Dr4_s35.B39,3322471,64652,29
data/mcs-instances/mcs50/m4D/m4Dr6/mcs50_m4Dr6_s30.A10 data/mcs-instances/mcs50/m4D/m4Dr6/mcs50_m4Dr6_s30.B10,674279,11709,24
data/mcs-instances/mcs50/m4D/m4Dr6/mcs50_m4Dr6_s30.A33 data/mcs-instances/mcs50/m4D/m4Dr6/mcs50_m4Dr6_s30.B33,731808,12406,24
data/mcs-instances/mcs50/m4D/m4Dr6/mcs50_m4Dr6_s30.A11 data/mcs-instances/mcs50/m4D/m4Dr6/mcs50_m4Dr6_s30.B11,1000572,17226,24
data/mcs-instances/mcs50/m4D/m4Dr6/mcs50_m4Dr6_s35.A79 data/mcs-instances/mcs50/m4D/m4Dr6/mcs50_m4Dr6_s35.B79,956815,19343,29
data/mcs-instances/mcs50/bvg/b09m/mcs50_b09m_s30.A19 data/mcs-instances/mcs50/bvg/b09m/mcs50_b09m_s30.B19,31851880,546116,23
data/mcs-instances/mcs50/m4D/m4Dr6/mcs50_m4Dr6_s35.A97 data/mcs-instances/mcs50/m4D/m4Dr6/mcs50_m4Dr6_s35.B97,8309918,145493,29
data/mcs-instances/mcs50/bvg/b09/mcs50_b09_s30.A57 data/mcs-instances/mcs50/bvg/b09/mcs50_b09_s30.B57,19773519,378356,23
data/mcs-instances/mcs50/m4D/m4D/mcs50_m4D_s35.A40 data/mcs-instances/mcs50/m4D/m4D/mcs50_m4D_s35.B40,1617962,30608,30
data/mcs-instances/mcs50/m4D/m4D/mcs50_m4D_s30.A31 data/mcs-instances/mcs50/m4D/m4D/mcs50_m4D_s30.B31,45130,742,26
data/mcs-instances/mcs50/bvg/b03m/mcs50_b03m_s90.A49 data/mcs-instances/mcs50/bvg/b03m/mcs50_b03m_s90.B49,14094517,1000000,0
data/mcs-instances/mcs50/m4D/m4D/mcs50_m4D_s35.A96 data/mcs-instances/mcs50/m4D/m4D/mcs50_m4D_s35.B96,1888817,37329,30
data/mcs-instances/mcs50/m4D/m4D/mcs50_m4D_s35.A30 data/mcs-instances/mcs50/m4D/m4D/mcs50_m4D_s35.B30,464316,7830,30
data/mcs-instances/mcs50/m4D/m4D/mcs50_m4D_s30.A02 data/mcs-instances/mcs50/m4D/m4D/mcs50_m4D_s30.B02,70965,1185,26
data/mcs-instances/mcs50/m4D/m4D/mcs50_m4D_s35.A24 data/mcs-instances/mcs50/m4D/m4D/mcs50_m4D_s35.B24,2964312,59842,30
data/mcs-instances/mcs50/m4D/m4D/mcs50_m4D_s30.A68 data/mcs-instances/mcs50/m4D/m4D/mcs50_m4D_s30.B68,15903,313,26
data/mcs-instances/mcs50/m4D/m4D/mcs50_m4D_s30.A53 data/mcs-instances/mcs50/m4D/m4D/mcs50_m4D_s30.B53,202712,3487,26
data/mcs-instances/mcs50/m4D/m4D/mcs50_m4D_s40.A36 data/mcs-instances/mcs50/m4D/m4D/mcs50_m4D_s40.B36,2218177,50282,35
data/mcs-instances/mcs50/bvg/b03m/mcs50_b03m_s80.A18 data/mcs-instances/mcs50/bvg/b03m/mcs50_b03m_s80.B18,18387253,1000000,0
data/mcs-instances/mcs50/m4D/m4Dr2/mcs50_m4Dr2_s35.A56 data/mcs-instances/mcs50/m4D/m4Dr2/mcs50_m4Dr2_s35.B56,182257,4026,30
data/mcs-instances/mcs50/m4D/m4Dr2/mcs50_m4Dr2_s35.A96 data/mcs-instances/mcs50/m4D/m4Dr2/mcs50_m4Dr2_s35.B96,416765,7917,30
data/mcs-instances/mcs50/bvg/b06m/mcs50_b06m_s40.A21 data/mcs-instances/mcs50/bvg/b06m/mcs50_b06m_s40.B21,36832588,1000011,0
data/mcs-instances/mcs50/m4D/m4Dr2/mcs50_m4Dr2_s30.A37 data/mcs-instances/mcs50/m4D/m4Dr2/mcs50_m4Dr2_s30.B37,498994,8318,25
data/mcs-instances/mcs50/bvg/b03m/mcs50_b03m_s90.A97 data/mcs-instances/mcs50/bvg/b03m/mcs50_b03m_s90.B97,14258720,1000013,0
data/mcs-instances/mcs50/m4D/m4Dr2/mcs50_m4Dr2_s30.A78 data/mcs-instances/mcs50/m4D/m4Dr2/mcs50_m4Dr2_s30.B78,2601,62,26
data/mcs-instances/mcs50/bvg/b03m/mcs50_b03m_s70.A98 data/mcs-instances/mcs50/bvg/b03m/mcs50_b03m_s70.B98,22410871,1000000,0
data/mcs-instances/mcs50/bvg/b06m/mcs50_b06m_s40.A28 data/mcs-instances/mcs50/bvg/b06m/mcs50_b06m_s40.B28,39930714,1000012,0
data/mcs-instances/mcs50/m4D/m4Dr2/mcs50_m4Dr2_s35.A75 data/mcs-instances/mcs50/m4D/m4Dr2/mcs50_m4Dr2_s35.B75,3957737,76025,29
data/mcs-instances/mcs50/m4D/m4Dr2/mcs50_m4Dr2_s40.A24 data/mcs-instances/mcs50/m4D/m4Dr2/mcs50_m4Dr2_s40.B24,6584878,157083,34
data/mcs-instances/mcs50/m4D/m4Dr2/mcs50_m4Dr2_s35.A10 data/mcs-instances/mcs50/m4D/m4Dr2/mcs50_m4Dr2_s35.B10,9504949,175571,29
data/mcs-instances/mcs50/m4D/m4Dr2/mcs50_m4Dr2_s40.A62 data/mcs-instances/mcs50/m4D/m4Dr2/mcs50_m4Dr2_s40.B62,3195411,73850,34
data/mcs-instances/mcs50/m4D/m4Dr4/mcs50_m4Dr4_s35.A37 data/mcs-instances/mcs50/m4D/m4Dr4/mcs50_m4Dr4_s35.B37,38545474,670045,28
data/mcs-instances/mcs50/m4D/m4Dr2/mcs50_m4Dr2_s35.A72 data/mcs-instances/mcs50/m4D/m4Dr2/mcs50_m4Dr2_s35.B72,12424393,235393,29
data/mcs-instances/mcs50/bvg/b09m/mcs50_b09m_s30.A08 data/mcs-instances/mcs50/bvg/b09m/mcs50_b09m_s30.B08,57611982,982956,22
data/mcs-instances/mcs50/bvg/b09/mcs50_b09_s30.A19 data/mcs-instances/mcs50/bvg/b09/mcs50_b09_s30.B19,55639315,1000012,0
data/mcs-instances/mcs50/bvg/b09/mcs50_b09_s30.A23 data/mcs-instances/mcs50/bvg/b09/mcs50_b09_s30.B23,58997286,1000012,0
data/mcs-instances/mcs50/m4D/m4Dr6/mcs50_m4Dr6_s40.A46 data/mcs-instances/mcs50/m4D/m4Dr6/mcs50_m4Dr6_s40.B46,22488870,528616,32
data/mcs-instances/mcs50/bvg/b06m/mcs50_b06m_s70.A10 data/mcs-instances/mcs50/bvg/b06m/mcs50_b06m_s70.B10,16707035,1000013,0
data/mcs-instances/mcs50/m4D/m4Dr4/mcs50_m4Dr4_s35.A48 data/mcs-instances/mcs50/m4D/m4Dr4/mcs50_m4Dr4_s35.B48,54173223,1000000,0
data/mcs-instances/mcs50/rand/r005/mcs50_r005_s20.A47 data/mcs-instances/mcs50/rand/r005/mcs50_r005_s20.B47,1390,17,17
data/mcs-instances/mcs50/bvg/b09/mcs50_b09_s40.A86 data/mcs-instances/mcs50/bvg/b09/mcs50_b09_s40.B86,34595899,1000000,0
data/mcs-instances/mcs50/rand/r005/mcs50_r005_s30.A69 data/mcs-instances/mcs50/rand/r005/mcs50_r005_s30.B69,6153,125,26
data/mcs-instances/mcs50/rand/r005/mcs50_r005_s25.A85 data/mcs-instances/mcs50/rand/r005/mcs50_r005_s25.B85,9979,131,22
data/mcs-instances/mcs50/rand/r005/mcs50_r005_s25.A79 data/mcs-instances/mcs50/rand/r005/mcs50_r005_s25.B79,425,11,22
data/mcs-instances/mcs50/rand/r005/mcs50_r005_s30.A06 data/mcs-instances/mcs50/rand/r005/mcs50_r005_s30.B06,6813,144,26
data/mcs-instances/mcs50/m4D/m4Dr2/mcs50_m4Dr2_s35.A12 data/mcs-instances/mcs50/m4D/m4Dr2/mcs50_m4Dr2_s35.B12,25609812,533290,29
data/mcs-instances/mcs50/rand/r02/mcs50_r02_s30.A18 data/mcs-instances/mcs50/rand/r02/mcs50_r02_s30.B18,7129463,138603,22
data/mcs-instances/mcs50/bvg/b06m/mcs50_b06m_s40.A63 data/mcs-instances/mcs50/bvg/b06m/mcs50_b06m_s40.B63,39725548,1000000,0
data/mcs-instances/mcs50/bvg/b06m/mcs50_b06m_s50.A73 data/mcs-instances/mcs50/bvg/b06m/mcs50_b06m_s50.B73,27938724,1000014,0
data/mcs-instances/mcs50/bvg/b06m/mcs50_b06m_s70.A61 data/mcs-instances/mcs50/bvg/b06m/mcs50_b06m_s70.B61,17193777,1000014,0
data/mcs-instances/mcs50/bvg/b06m/mcs50_b06m_s90.A24 data/mcs-instances/mcs50/bvg/b06m/mcs50_b06m_s90.B24,12681536,1000000,0
data/mcs-instances/mcs50/m4D/m4Dr4/mcs50_m4Dr4_s40.A89 data/mcs-instances/mcs50/m4D/m4Dr4/mcs50_m4Dr4_s40.B89,43955518,974031,33
data/mcs-instances/mcs50/m4D/m4Dr6/mcs50_m4Dr6_s40.A17 data/mcs-instances/mcs50/m4D/m4Dr6/mcs50_m4Dr6_s40.B17,44541891,979079,32
data/mcs-instances/mcs50/m4D/m4D/mcs50_m4D_s40.A83 data/mcs-instances/mcs50/m4D/m4D/mcs50_m4D_s40.B83,44636744,1000000,0
data/mcs-instances/mcs50/m4D/m4Dr6/mcs50_m4Dr6_s40.A38 data/mcs-instances/mcs50/m4D/m4Dr6/mcs50_m4Dr6_s40.B38,44660848,1000000,0
data/mcs-instances/mcs50/bvg/b09m/mcs50_b09m_s80.A58 data/mcs-instances/mcs50/bvg/b09m/mcs50_b09m_s80.B58,14077983,1000000,0
data/mcs-instances/mcs50/bvg/b09m/mcs50_b09m_s100.A38 data/mcs-instances/mcs50/bvg/b09m/mcs50_b09m_s100.B38,9594928,1000000,0
data/mcs-instances/mcs50/rand/r01/mcs50_r01_s10.A42 data/mcs-instances/mcs50/rand/r01/mcs50_r01_s10.B42,10,12,9
data/mcs-instances/mcs50/bvg/b09m/mcs50_b09m_s100.A29 data/mcs-instances/mcs50/bvg/b09m/mcs50_b09m_s100.B29,10739153,1000000,0
data/mcs-instances/mcs50/rand/r01/mcs50_r01_s20.A74 data/mcs-instances/mcs50/rand/r01/mcs50_r01_s20.B74,1065,24,17
data/mcs-instances/mcs50/rand/r01/mcs50_r01_s30.A59 data/mcs-instances/mcs50/rand/r01/mcs50_r01_s30.B59,3971215,72145,23
data/mcs-instances/mcs50/rand/r02/mcs50_r02_s30.A58 data/mcs-instances/mcs50/rand/r02/mcs50_r02_s30.B58,55500798,1000000,0
data/mcs-instances/mcs50/bvg/b09m/mcs50_b09m_s100.A33 data/mcs-instances/mcs50/bvg/b09m/mcs50_b09m_s100.B33,11558214,1000012,0
data/mcs-instances/mcs50/bvg/b09m/mcs50_b09m_s80.A28 data/mcs-instances/mcs50/bvg/b09m/mcs50_b09m_s80.B28,13872759,1000014,0
data/mcs-instances/mcs50/bvg/b09/mcs50_b09_s80.A04 data/mcs-instances/mcs50/bvg/b09/mcs50_b09_s80.B04,14689265,1000015,0
data/mcs-instances/mcs50/bvg/b09/mcs50_b09_s80.A14 data/mcs-instances/mcs50/bvg/b09/mcs50_b09_s80.B14,14537079,1000013,0
data/mcs-instances/mcs50/rand/r01/mcs50_r01_s15.A36 data/mcs-instances/mcs50/rand/r01/mcs50_r01_s15.B36,119,14,13
data/mcs-instances/mcs50/bvg/b09/mcs50_b09_s80.A37 data/mcs-instances/mcs50/bvg/b09/mcs50_b09_s80.B37,14724150,1000000,0
data/mcs-instances/mcs50/bvg/b09/mcs50_b09_s100.A29 data/mcs-instances/mcs50/bvg/b09/mcs50_b09_s100.B29,11521020,1000013,0
data/mcs-instances/mcs50/bvg/b06/mcs50_b06_s70.A61 data/mcs-instances/mcs50/bvg/b06/mcs50_b06_s70.B61,17252420,1000000,0
data/mcs-instances/mcs50/bvg/b06/mcs50_b06_s90.A24 data/mcs-instances/mcs50/bvg/b06/mcs50_b06_s90.B24,13126424,1000012,0
data/mcs-instances/mcs50/bvg/b06/mcs50_b06_s70.A01 data/mcs-instances/mcs50/bvg/b06/mcs50_b06_s70.B01,17258667,1000006,0
data/mcs-instances/mcs50/bvg/b06/mcs50_b06_s100.A88 data/mcs-instances/mcs50/bvg/b06/mcs50_b06_s100.B88,10735986,1000012,0
data/mcs-instances/mcs50/bvg/b06/mcs50_b06_s100.A17 data/mcs-instances/mcs50/bvg/b06/mcs50_b06_s100.B17,10904586,1000012,0
data/mcs-instances/mcs50/bvg/b06/mcs50_b06_s100.A18 data/mcs-instances/mcs50/bvg/b06/mcs50_b06_s100.B18,11548536,1000013,0
data/mcs-instances/mcs50/bvg/b03/mcs50_b03_s70.A98 data/mcs-instances/mcs50/bvg/b03/mcs50_b03_s70.B98,20865994,1000014,0
data/mcs-instances/mcs50/bvg/b03/mcs50_b03_s90.A97 data/mcs-instances/mcs50/bvg/b03/mcs50_b03_s90.B97,15451664,1000006,0
data/mcs-instances/mcs50/bvg/b03/mcs50_b03_s60.A61 data/mcs-instances/mcs50/bvg/b03/mcs50_b03_s60.B61,25327918,1000014,0
data/mcs-instances/mcs50/bvg/b03/mcs50_b03_s50.A65 data/mcs-instances/mcs50/bvg/b03/mcs50_b03_s50.B65,38176599,1000013,0
data/mcs-instances/mcs50/m3D/m3Dr4/mcs50_m3Dr4_s60.A50 data/mcs-instances/mcs50/m3D/m3Dr4/mcs50_m3Dr4_s60.B50,20564115,1000014,0
data/mcs-instances/mcs50/m3D/m3Dr4/mcs50_m3Dr4_s60.A17 data/mcs-instances/mcs50/m3D/m3Dr4/mcs50_m3Dr4_s60.B17,20609170,1000001,0
data/mcs-instances/mcs50/m3D/m3Dr4/mcs50_m3Dr4_s60.A08 data/mcs-instances/mcs50/m3D/m3Dr4/mcs50_m3Dr4_s60.B08,21385830,1000010,0
data/mcs-instances/mcs50/m2D/m2Dr4/mcs50_m2Dr4_s10.A42 data/mcs-instances/mcs50/m2D/m2Dr4/mcs50_m2Dr4_s10.B42,23,3,8
data/mcs-instances/mcs50/m2D/m2Dr4/mcs50_m2Dr4_s20.A74 data/mcs-instances/mcs50/m2D/m2Dr4/mcs50_m2Dr4_s20.B74,7533,105,16
data/mcs-instances/mcs50/m3D/m3Dr4/mcs50_m3Dr4_s60.A07 data/mcs-instances/mcs50/m3D/m3Dr4/mcs50_m3Dr4_s60.B07,20411690,1000014,0
data/mcs-instances/mcs50/m3D/m3Dr4/mcs50_m3Dr4_s60.A06 data/mcs-instances/mcs50/m3D/m3Dr4/mcs50_m3Dr4_s60.B06,20946929,1000013,0
data/mcs-instances/mcs50/m3D/m3Dr6/mcs50_m3Dr6_s50.A72 data/mcs-instances/mcs50/m3D/m3Dr6/mcs50_m3Dr6_s50.B72,27969037,1000013,0
data/mcs-instances/mcs50/m3D/m3Dr6/mcs50_m3Dr6_s50.A19 data/mcs-instances/mcs50/m3D/m3Dr6/mcs50_m3Dr6_s50.B19,27400174,1000013,0
data/mcs-instances/mcs50/m3D/m3Dr6/mcs50_m3Dr6_s50.A12 data/mcs-instances/mcs50/m3D/m3Dr6/mcs50_m3Dr6_s50.B12,26713796,1000014,0
data/mcs-instances/mcs50/m3D/m3Dr6/mcs50_m3Dr6_s60.A92 data/mcs-instances/mcs50/m3D/m3Dr6/mcs50_m3Dr6_s60.B92,19989549,1000000,0
data/mcs-instances/mcs50/m3D/m3Dr6/mcs50_m3Dr6_s60.A69 data/mcs-instances/mcs50/m3D/m3Dr6/mcs50_m3Dr6_s60.B69,19167472,1000013,0
data/mcs-instances/mcs50/m2D/m2Dr6/mcs50_m2Dr6_s10.A42 data/mcs-instances/mcs50/m2D/m2Dr6/mcs50_m2Dr6_s10.B42,48,13,9
data/mcs-instances/mcs50/m3D/m3Dr6/mcs50_m3Dr6_s60.A15 data/mcs-instances/mcs50/m3D/m3Dr6/mcs50_m3Dr6_s60.B15,20066446,1000000,0
data/mcs-instances/mcs50/m3D/m3D/mcs50_m3D_s50.A86 data/mcs-instances/mcs50/m3D/m3D/mcs50_m3D_s50.B86,31437462,1000014,0
data/mcs-instances/mcs50/m3D/m3D/mcs50_m3D_s60.A41 data/mcs-instances/mcs50/m3D/m3D/mcs50_m3D_s60.B41,22223375,1000014,0
data/mcs-instances/mcs50/m2D/m2Dr4/mcs50_m2Dr4_s30.A78 data/mcs-instances/mcs50/m2D/m2Dr4/mcs50_m2Dr4_s30.B78,427533,7204,25
data/mcs-instances/mcs50/m3D/m3D/mcs50_m3D_s60.A60 data/mcs-instances/mcs50/m3D/m3D/mcs50_m3D_s60.B60,20556812,1000014,0
data/mcs-instances/mcs50/m3D/m3D/mcs50_m3D_s50.A32 data/mcs-instances/mcs50/m3D/m3D/mcs50_m3D_s50.B32,32324795,1000014,0
data/mcs-instances/mcs50/m2D/m2Dr6/mcs50_m2Dr6_s30.A59 data/mcs-instances/mcs50/m2D/m2Dr6/mcs50_m2Dr6_s30.B59,706732,11871,24
data/mcs-instances/mcs50/m3D/m3D/mcs50_m3D_s50.A36 data/mcs-instances/mcs50/m3D/m3D/mcs50_m3D_s50.B36,30525279,1000014,0
data/mcs-instances/mcs50/m3D/m3Dr2/mcs50_m3Dr2_s60.A89 data/mcs-instances/mcs50/m3D/m3Dr2/mcs50_m3Dr2_s60.B89,20564432,1000013,0
data/mcs-instances/mcs50/m2D/m2D/mcs50_m2D_s20.A81 data/mcs-instances/mcs50/m2D/m2D/mcs50_m2D_s20.B81,1439,20,17
data/mcs-instances/mcs50/m3D/m3Dr2/mcs50_m3Dr2_s60.A25 data/mcs-instances/mcs50/m3D/m3Dr2/mcs50_m3Dr2_s60.B25,21213011,1000014,0
data/mcs-instances/mcs50/m2D/m2D/mcs50_m2D_s20.A21 data/mcs-instances/mcs50/m2D/m2D/mcs50_m2D_s20.B21,1919,27,17
data/mcs-instances/mcs50/rand/r01/mcs50_r01_s30.A13 data/mcs-instances/mcs50/rand/r01/mcs50_r01_s30.B13,1955529,34754,23
data/mcs-instances/mcs50/m3D/m3Dr2/mcs50_m3Dr2_s60.A94 data/mcs-instances/mcs50/m3D/m3Dr2/mcs50_m3Dr2_s60.B94,21434619,1000000,0
data/mcs-instances/mcs50/m2D/m2D/mcs50_m2D_s20.A72 data/mcs-instances/mcs50/m2D/m2D/mcs50_m2D_s20.B72,2461,32,17
data/mcs-instances/mcs50/rand/r02/mcs50_r02_s35.A54 data/mcs-instances/mcs50/rand/r02/mcs50_r02_s35.B54,42701478,1000013,0
data/mcs-instances/mcs50/m3D/m3Dr2/mcs50_m3Dr2_s60.A32 data/mcs-instances/mcs50/m3D/m3Dr2/mcs50_m3Dr2_s60.B32,20930146,1000012,0
data/mcs-instances/mcs50/m3D/m3Dr2/mcs50_m3Dr2_s60.A26 data/mcs-instances/mcs50/m3D/m3Dr2/mcs50_m3Dr2_s60.B26,21333432,1000012,0
data/mcs-instances/mcs50/m2D/m2D/mcs50_m2D_s40.A49 data/mcs-instances/mcs50/m2D/m2D/mcs50_m2D_s40.B49,3361927,90104,34
data/mcs-instances/mcs50/m2D/m2Dr6/mcs50_m2Dr6_s40.A97 data/mcs-instances/mcs50/m2D/m2Dr6/mcs50_m2Dr6_s40.B97,4169853,93792,33
data/mcs-instances/mcs50/m4D/m4Dr6/mcs50_m4Dr6_s40.A88 data/mcs-instances/mcs50/m4D/m4Dr6/mcs50_m4Dr6_s40.B88,44292072,1000000,0
data/mcs-instances/mcs50/rand/r02/mcs50_r02_s35.A74 data/mcs-instances/mcs50/rand/r02/mcs50_r02_s35.B74,42232793,1000015,0
data/mcs-instances/mcs50/m2D/m2Dr4/mcs50_m2Dr4_s40.A74 data/mcs-instances/mcs50/m2D/m2Dr4/mcs50_m2Dr4_s40.B74,8148022,173068,33
data/mcs-instances/mcs50/m2D/m2D/mcs50_m2D_s40.A77 data/mcs-instances/mcs50/m2D/m2D/mcs50_m2D_s40.B77,7284616,171124,34
data/mcs-instances/mcs50/m2D/m2Dr2/mcs50_m2Dr2_s40.A11 data/mcs-instances/mcs50/m2D/m2Dr2/mcs50_m2Dr2_s40.B11,19119736,477679,33
data/mcs-instances/mcs50/rand/r02/mcs50_r02_s80.A90 data/mcs-instances/mcs50/rand/r02/mcs50_r02_s80.B90,9634263,1000013,0
data/mcs-instances/mcs50/rand/r02/mcs50_r02_s100.A24 data/mcs-instances/mcs50/rand/r02/mcs50_r02_s100.B24,7040007,1000000,0
data/mcs-instances/mcs50/rand/r02/mcs50_r02_s60.A35 data/mcs-instances/mcs50/rand/r02/mcs50_r02_s60.B35,15805103,1000012,0
data/mcs-instances/mcs50/rand/r02/mcs50_r02_s80.A59 data/mcs-instances/mcs50/rand/r02/mcs50_r02_s80.B59,10212043,1000013,0
data/mcs-instances/mcs50/rand/r02/mcs50_r02_s70.A94 data/mcs-instances/mcs50/rand/r02/mcs50_r02_s70.B94,12623360,1000013,0
data/mcs-instances/mcs50/m2D/m2Dr6/mcs50_m2Dr6_s40.A79 data/mcs-instances/mcs50/m2D/m2Dr6/mcs50_m2Dr6_s40.B79,22886081,470563,33
data/mcs-instances/mcs50/rand/r02/mcs50_r02_s60.A58 data/mcs-instances/mcs50/rand/r02/mcs50_r02_s60.B58,16538209,1000013,0
data/mcs-instances/mcs50/rand/r005/mcs50_r005_s50.A18 data/mcs-instances/mcs50/rand/r005/mcs50_r005_s50.B18,33454081,1000013,0
data/mcs-instances/mcs50/rand/r005/mcs50_r005_s80.A69 data/mcs-instances/mcs50/rand/r005/mcs50_r005_s80.B69,14924613,1000000,0
data/mcs-instances/mcs50/rand/r005/mcs50_r005_s100.A55 data/mcs-instances/mcs50/rand/r005/mcs50_r005_s100.B55,11360614,1000000,0
data/mcs-instances/mcs50/rand/r005/mcs50_r005_s50.A81 data/mcs-instances/mcs50/rand/r005/mcs50_r005_s50.B81,35548040,1000000,0
data/mcs-instances/mcs50/m2D/m2Dr2/mcs50_m2Dr2_s40.A71 data/mcs-instances/mcs50/m2D/m2Dr2/mcs50_m2Dr2_s40.B71,51934266,1000000,0
data/mcs-instances/mcs50/rand/r005/mcs50_r005_s100.A94 data/mcs-instances/mcs50/rand/r005/mcs50_r005_s100.B94,11802128,1000000,0
data/mcs-instances/mcs50/rand/r001/mcs50_r001_s100.A04 data/mcs-instances/mcs50/rand/r001/mcs50_r001_s100.B04,8588440,1000000,0
data/mcs-instances/mcs50/rand/r001/mcs50_r001_s100.A40 data/mcs-instances/mcs50/rand/r001/mcs50_r001_s100.B40,20462784,1000000,0
data/mcs-instances/mcs50/rand/r001/mcs50_r001_s100.A34 data/mcs-instances/mcs50/rand/r001/mcs50_r001_s100.B34,19494964,1000000,0
data/mcs-instances/mcs50/rand/r001/mcs50_r001_s100.A73 data/mcs-instances/mcs50/rand/r001/mcs50_r001_s100.B73,18044768,1000000,0
data/mcs-instances/mcs50/rand/r001/mcs50_r001_s100.A90 data/mcs-instances/mcs50/rand/r001/mcs50_r001_s100.B90,6543944,1000000,0
data/mcs-instances/mcs50/m2D/m2Dr4/mcs50_m2Dr4_s40.A16 data/mcs-instances/mcs50/m2D/m2Dr4/mcs50_m2Dr4_s40.B16,59825043,1000000,0
data/mcs-instances/mcs50/rand/r001/mcs50_r001_s100.A80 data/mcs-instances/mcs50/rand/r001/mcs50_r001_s100.B80,17129265,1000000,0
data/mcs-instances/mcs50/rand/r001/mcs50_r001_s100.A20 data/mcs-instances/mcs50/rand/r001/mcs50_r001_s100.B20,9393569,1000000,0
data/mcs-instances/mcs50/rand/r001/mcs50_r001_s100.A24 data/mcs-instances/mcs50/rand/r001/mcs50_r001_s100.B24,19127955,1000000,0
data/mcs-instances/mcs50/rand/r001/mcs50_r001_s100.A15 data/mcs-instances/mcs50/rand/r001/mcs50_r001_s100.B15,19110793,1000000,0
data/mcs-instances/mcs50/rand/r001/mcs50_r001_s100.A59 data/mcs-instances/mcs50/rand/r001/mcs50_r001_s100.B59,12939394,1000000,0
data/mcs-instances/mcs50/rand/r01/mcs50_r01_s40.A79 data/mcs-instances/mcs50/rand/r01/mcs50_r01_s40.B79,58059443,1000000,0
data/mcs-instances/mcs50/rand/r01/mcs50_r01_s60.A26 data/mcs-instances/mcs50/rand/r01/mcs50_r01_s60.B26,30571752,1000000,0
data/mcs-instances/mcs50/rand/r01/mcs50_r01_s60.A56 data/mcs-instances/mcs50/rand/r01/mcs50_r01_s60.B56,30369865,1000000,0
data/mcs-instances/mcs50/rand/r01/mcs50_r01_s80.A57 data/mcs-instances/mcs50/rand/r01/mcs50_r01_s80.B57,21409922,1000000,0
data/mcs-instances/mcs50/rand/r01/mcs50_r01_s50.A25 data/mcs-instances/mcs50/rand/r01/mcs50_r01_s50.B25,40536847,1000000,0
data/mcs-instances/mcs50/m2D/m2Dr2/mcs50_m2Dr2_s70.A01 data/mcs-instances/mcs50/m2D/m2Dr2/mcs50_m2Dr2_s70.B01,31338122,1000000,0
data/mcs-instances/mcs50/m2D/m2Dr2/mcs50_m2Dr2_s60.A40 data/mcs-instances/mcs50/m2D/m2Dr2/mcs50_m2Dr2_s60.B40,37038232,1000000,0
data/mcs-instances/mcs50/m2D/m2Dr2/mcs50_m2Dr2_s50.A83 data/mcs-instances/mcs50/m2D/m2Dr2/mcs50_m2Dr2_s50.B83,56332345,1000000,0
data/mcs-instances/mcs50/m2D/m2Dr2/mcs50_m2Dr2_s50.A01 data/mcs-instances/mcs50/m2D/m2Dr2/mcs50_m2Dr2_s50.B01,51789129,1000000,0
data/mcs-instances/mcs50/m2D/m2Dr2/mcs50_m2Dr2_s100.A65 data/mcs-instances/mcs50/m2D/m2Dr2/mcs50_m2Dr2_s100.B65,20252426,1000000,0
data/mcs-instances/mcs50/m2D/m2Dr2/mcs50_m2Dr2_s80.A38 data/mcs-instances/mcs50/m2D/m2Dr2/mcs50_m2Dr2_s80.B38,26219067,1000000,0
data/mcs-instances/mcs50/m2D/m2Dr2/mcs50_m2Dr2_s90.A13 data/mcs-instances/mcs50/m2D/m2Dr2/mcs50_m2Dr2_s90.B13,23161288,1000000,0
data/mcs-instances/mcs50/m2D/m2Dr2/mcs50_m2Dr2_s80.A29 data/mcs-instances/mcs50/m2D/m2Dr2/mcs50_m2Dr2_s80.B29,25915344,1000000,0
data/mcs-instances/mcs50/m2D/m2Dr4/mcs50_m2Dr4_s60.A97 data/mcs-instances/mcs50/m2D/m2Dr4/mcs50_m2Dr4_s60.B97,40096764,1000000,0
data/mcs-instances/mcs50/m2D/m2Dr4/mcs50_m2Dr4_s90.A34 data/mcs-instances/mcs50/m2D/m2Dr4/mcs50_m2Dr4_s90.B34,21975454,1000000,0
data/mcs-instances/mcs50/m2D/m2Dr4/mcs50_m2Dr4_s60.A87 data/mcs-instances/mcs50/m2D/m2Dr4/mcs50_m2Dr4_s60.B87,37405662,1000000,0
data/mcs-instances/mcs50/m2D/m2Dr4/mcs50_m2Dr4_s50.A16 data/mcs-instances/mcs50/m2D/m2Dr4/mcs50_m2Dr4_s50.B16,51405884,1000000,0
data/mcs-instances/mcs50/m2D/m2Dr4/mcs50_m2Dr4_s100.A27 data/mcs-instances/mcs50/m2D/m2Dr4/mcs50_m2Dr4_s100.B27,18805485,1000000,0
data/mcs-instances/mcs50/m2D/m2Dr6/mcs50_m2Dr6_s60.A17 data/mcs-instances/mcs50/m2D/m2Dr6/mcs50_m2Dr6_s60.B17,36257907,1000000,0
data/mcs-instances/mcs50/m2D/m2Dr6/mcs50_m2Dr6_s70.A06 data/mcs-instances/mcs50/m2D/m2Dr6/mcs50_m2Dr6_s70.B06,28439532,1000000,0
data/mcs-instances/mcs50/m2D/m2Dr6/mcs50_m2Dr6_s80.A83 data/mcs-instances/mcs50/m2D/m2Dr6/mcs50_m2Dr6_s80.B83,23819716,1000000,0
data/mcs-instances/mcs50/m2D/m2Dr6/mcs50_m2Dr6_s50.A75 data/mcs-instances/mcs50/m2D/m2Dr6/mcs50_m2Dr6_s50.B75,48162066,1000000,0
data/mcs-instances/mcs50/m2D/m2Dr6/mcs50_m2Dr6_s60.A52 data/mcs-instances/mcs50/m2D/m2Dr6/mcs50_m2Dr6_s60.B52,35365521,1000000,0
data/mcs-instances/mcs50/m2D/m2Dr6/mcs50_m2Dr6_s50.A44 data/mcs-instances/mcs50/m2D/m2Dr6/mcs50_m2Dr6_s50.B44,52300460,1000000,0
data/mcs-instances/mcs50/m2D/m2D/mcs50_m2D_s80.A96 data/mcs-instances/mcs50/m2D/m2D/mcs50_m2D_s80.B96,26769134,1000000,0
data/mcs-instances/mcs50/m2D/m2D/mcs50_m2D_s50.A42 data/mcs-instances/mcs50/m2D/m2D/mcs50_m2D_s50.B42,55698373,1000000,0
data/mcs-instances/mcs50/m2D/m2D/mcs50_m2D_s100.A59 data/mcs-instances/mcs50/m2D/m2D/mcs50_m2D_s100.B59,20545031,1000000,0
data/mcs-instances/mcs50/m2D/m2D/mcs50_m2D_s90.A58 data/mcs-instances/mcs50/m2D/m2D/mcs50_m2D_s90.B58,24152803,1000000,0
data/mcs-instances/mcs50/m2D/m2D/mcs50_m2D_s50.A54 data/mcs-instances/mcs50/m2D/m2D/mcs50_m2D_s50.B54,59599205,1000000,0
