data/mcs-instances/mcs10/bvg/b03m/mcs10_b03m_s40.A83 data/mcs-instances/mcs10/bvg/b03m/mcs10_b03m_s40.B83,98332439,37712,31
data/mcs-instances/mcs10/bvg/b03/mcs10_b03_s40.A32 data/mcs-instances/mcs10/bvg/b03/mcs10_b03_s40.B32,240152615,87932,31
data/mcs-instances/mcs10/bvg/b03m/mcs10_b03m_s50.A14 data/mcs-instances/mcs10/bvg/b03m/mcs10_b03m_s50.B14,2460284697,1000000,38
data/mcs-instances/mcs10/bvg/b03m/mcs10_b03m_s70.A00 data/mcs-instances/mcs10/bvg/b03m/mcs10_b03m_s70.B00,6380652625,1000000,44
data/mcs-instances/mcs10/bvg/b03m/mcs10_b03m_s100.A84 data/mcs-instances/mcs10/bvg/b03m/mcs10_b03m_s100.B84,3968703544,1000000,69
data/mcs-instances/mcs10/bvg/b03m/mcs10_b03m_s70.A35 data/mcs-instances/mcs10/bvg/b03m/mcs10_b03m_s70.B35,2349859189,1000000,49
data/mcs-instances/mcs10/bvg/b03m/mcs10_b03m_s50.A36 data/mcs-instances/mcs10/bvg/b03m/mcs10_b03m_s50.B36,2514742577,1000000,39
data/mcs-instances/mcs10/bvg/b03m/mcs10_b03m_s60.A58 data/mcs-instances/mcs10/bvg/b03m/mcs10_b03m_s60.B58,2623047870,1000000,45
data/mcs-instances/mcs10/bvg/b03m/mcs10_b03m_s70.A60 data/mcs-instances/mcs10/bvg/b03m/mcs10_b03m_s70.B60,2825288890,1000000,53
data/mcs-instances/mcs10/bvg/b03m/mcs10_b03m_s70.A38 data/mcs-instances/mcs10/bvg/b03m/mcs10_b03m_s70.B38,5885947711,1000000,43
data/mcs-instances/mcs10/bvg/b03m/mcs10_b03m_s90.A43 data/mcs-instances/mcs10/bvg/b03m/mcs10_b03m_s90.B43,2658774826,1000000,62
data/mcs-instances/mcs10/bvg/b06m/mcs10_b06m_s70.A63 data/mcs-instances/mcs10/bvg/b06m/mcs10_b06m_s70.B63,2497002869,1000000,40
data/mcs-instances/mcs10/bvg/b06m/mcs10_b06m_s80.A35 data/mcs-instances/mcs10/bvg/b06m/mcs10_b06m_s80.B35,2399312663,1000000,44
data/mcs-instances/mcs10/bvg/b06m/mcs10_b06m_s90.A21 data/mcs-instances/mcs10/bvg/b06m/mcs10_b06m_s90.B21,2512324006,1000000,48
data/mcs-instances/mcs10/bvg/b06m/mcs10_b06m_s90.A56 data/mcs-instances/mcs10/bvg/b06m/mcs10_b06m_s90.B56,2514032721,1000000,47
data/mcs-instances/mcs10/bvg/b06m/mcs10_b06m_s90.A11 data/mcs-instances/mcs10/bvg/b06m/mcs10_b06m_s90.B11,2260635043,1000000,48
data/mcs-instances/mcs10/bvg/b06m/mcs10_b06m_s90.A99 data/mcs-instances/mcs10/bvg/b06m/mcs10_b06m_s90.B99,2575651591,1000000,47
data/mcs-instances/mcs10/bvg/b06m/mcs10_b06m_s90.A72 data/mcs-instances/mcs10/bvg/b06m/mcs10_b06m_s90.B72,2302923656,1000000,47
data/mcs-instances/mcs10/bvg/b06m/mcs10_b06m_s70.A44 data/mcs-instances/mcs10/bvg/b06m/mcs10_b06m_s70.B44,2477648947,1000000,38
data/mcs-instances/mcs10/bvg/b06m/mcs10_b06m_s100.A68 data/mcs-instances/mcs10/bvg/b06m/mcs10_b06m_s100.B68,2457018242,1000000,52
data/mcs-instances/mcs10/bvg/b06m/mcs10_b06m_s90.A65 data/mcs-instances/mcs10/bvg/b06m/mcs10_b06m_s90.B65,2364945115,1000000,46
data/mcs-instances/mcs10/bvg/b09m/mcs10_b09m_s100.A67 data/mcs-instances/mcs10/bvg/b09m/mcs10_b09m_s100.B67,2115756482,1000000,44
data/mcs-instances/mcs10/bvg/b09m/mcs10_b09m_s100.A64 data/mcs-instances/mcs10/bvg/b09m/mcs10_b09m_s100.B64,2197351392,1000000,42
data/mcs-instances/mcs10/bvg/b09m/mcs10_b09m_s100.A51 data/mcs-instances/mcs10/bvg/b09m/mcs10_b09m_s100.B51,2160986432,1000000,44
data/mcs-instances/mcs10/bvg/b09m/mcs10_b09m_s100.A17 data/mcs-instances/mcs10/bvg/b09m/mcs10_b09m_s100.B17,2159734050,1000000,42
data/mcs-instances/mcs10/bvg/b09m/mcs10_b09m_s100.A96 data/mcs-instances/mcs10/bvg/b09m/mcs10_b09m_s100.B96,2333399286,1000000,42
data/mcs-instances/mcs10/bvg/b09m/mcs10_b09m_s100.A44 data/mcs-instances/mcs10/bvg/b09m/mcs10_b09m_s100.B44,2250483251,1000000,42
data/mcs-instances/mcs10/bvg/b09m/mcs10_b09m_s100.A88 data/mcs-instances/mcs10/bvg/b09m/mcs10_b09m_s100.B88,2321075183,1000000,42
data/mcs-instances/mcs10/bvg/b09m/mcs10_b09m_s100.A68 data/mcs-instances/mcs10/bvg/b09m/mcs10_b09m_s100.B68,2225151690,1000000,42
data/mcs-instances/mcs10/bvg/b09/mcs10_b09_s100.A15 data/mcs-instances/mcs10/bvg/b09/mcs10_b09_s100.B15,2183468337,1000000,42
data/mcs-instances/mcs10/bvg/b09/mcs10_b09_s100.A85 data/mcs-instances/mcs10/bvg/b09/mcs10_b09_s100.B85,2164904359,1000000,43
data/mcs-instances/mcs10/bvg/b09/mcs10_b09_s100.A99 data/mcs-instances/mcs10/bvg/b09/mcs10_b09_s100.B99,2376115933,1000000,41
data/mcs-instances/mcs10/bvg/b09m/mcs10_b09m_s100.A93 data/mcs-instances/mcs10/bvg/b09m/mcs10_b09m_s100.B93,2286537120,1000000,42
data/mcs-instances/mcs10/bvg/b09/mcs10_b09_s100.A09 data/mcs-instances/mcs10/bvg/b09/mcs10_b09_s100.B09,2218740053,1000001,44
data/mcs-instances/mcs10/bvg/b09/mcs10_b09_s100.A92 data/mcs-instances/mcs10/bvg/b09/mcs10_b09_s100.B92,2231113677,1000001,43
data/mcs-instances/mcs10/bvg/b09/mcs10_b09_s100.A56 data/mcs-instances/mcs10/bvg/b09/mcs10_b09_s100.B56,2199412654,1000000,42
data/mcs-instances/mcs10/bvg/b06/mcs10_b06_s80.A35 data/mcs-instances/mcs10/bvg/b06/mcs10_b06_s80.B35,2417180489,1000000,42
data/mcs-instances/mcs10/bvg/b09/mcs10_b09_s100.A50 data/mcs-instances/mcs10/bvg/b09/mcs10_b09_s100.B50,2072404358,1000002,42
data/mcs-instances/mcs10/bvg/b09/mcs10_b09_s100.A84 data/mcs-instances/mcs10/bvg/b09/mcs10_b09_s100.B84,2248317172,1000000,43
data/mcs-instances/mcs10/bvg/b06/mcs10_b06_s80.A50 data/mcs-instances/mcs10/bvg/b06/mcs10_b06_s80.B50,2737944315,1000000,43
data/mcs-instances/mcs10/bvg/b09/mcs10_b09_s100.A72 data/mcs-instances/mcs10/bvg/b09/mcs10_b09_s100.B72,2066730279,1000000,43
data/mcs-instances/mcs10/bvg/b09m/mcs10_b09m_s100.A25 data/mcs-instances/mcs10/bvg/b09m/mcs10_b09m_s100.B25,2231370972,1000001,42
data/mcs-instances/mcs10/bvg/b09/mcs10_b09_s100.A08 data/mcs-instances/mcs10/bvg/b09/mcs10_b09_s100.B08,2223298459,1000001,44
data/mcs-instances/mcs10/bvg/b06/mcs10_b06_s80.A06 data/mcs-instances/mcs10/bvg/b06/mcs10_b06_s80.B06,2249592191,1000000,46
data/mcs-instances/mcs10/bvg/b06/mcs10_b06_s70.A89 data/mcs-instances/mcs10/bvg/b06/mcs10_b06_s70.B89,2111450966,1000002,40
data/mcs-instances/mcs10/bvg/b06/mcs10_b06_s90.A15 data/mcs-instances/mcs10/bvg/b06/mcs10_b06_s90.B15,2502055173,1000003,49
data/mcs-instances/mcs10/bvg/b06/mcs10_b06_s90.A56 data/mcs-instances/mcs10/bvg/b06/mcs10_b06_s90.B56,2337096887,1000000,48
data/mcs-instances/mcs10/bvg/b06/mcs10_b06_s100.A45 data/mcs-instances/mcs10/bvg/b06/mcs10_b06_s100.B45,2319144448,1000000,55
data/mcs-instances/mcs10/bvg/b03/mcs10_b03_s80.A65 data/mcs-instances/mcs10/bvg/b03/mcs10_b03_s80.B65,3111635174,1000003,60
data/mcs-instances/mcs10/bvg/b03/mcs10_b03_s100.A71 data/mcs-instances/mcs10/bvg/b03/mcs10_b03_s100.B71,5650186833,1000000,57
data/mcs-instances/mcs10/bvg/b06/mcs10_b06_s100.A68 data/mcs-instances/mcs10/bvg/b06/mcs10_b06_s100.B68,2224429979,1000000,54
data/mcs-instances/mcs10/bvg/b03/mcs10_b03_s80.A86 data/mcs-instances/mcs10/bvg/b03/mcs10_b03_s80.B86,6171448265,1000001,55
data/mcs-instances/mcs10/m3D/m3Dr4/mcs10_m3Dr4_s60.A73 data/mcs-instances/mcs10/m3D/m3Dr4/mcs10_m3Dr4_s60.B73,2522645390,1000000,36
data/mcs-instances/mcs10/bvg/b03/mcs10_b03_s60.A92 data/mcs-instances/mcs10/bvg/b03/mcs10_b03_s60.B92,3017504190,1000000,46
data/mcs-instances/mcs10/bvg/b03/mcs10_b03_s60.A34 data/mcs-instances/mcs10/bvg/b03/mcs10_b03_s60.B34,3078318588,1000001,45
data/mcs-instances/mcs10/m3D/m3Dr4/mcs10_m3Dr4_s90.A02 data/mcs-instances/mcs10/m3D/m3Dr4/mcs10_m3Dr4_s90.B02,2137939580,1000006,50
data/mcs-instances/mcs10/bvg/b06/mcs10_b06_s80.A69 data/mcs-instances/mcs10/bvg/b06/mcs10_b06_s80.B69,2230972018,1000001,44
data/mcs-instances/mcs10/bvg/b03/mcs10_b03_s60.A28 data/mcs-instances/mcs10/bvg/b03/mcs10_b03_s60.B28,2572808145,1000001,46
data/mcs-instances/mcs10/bvg/b03/mcs10_b03_s50.A64 data/mcs-instances/mcs10/bvg/b03/mcs10_b03_s50.B64,2485810308,1000015,39
data/mcs-instances/mcs10/bvg/b06/mcs10_b06_s70.A22 data/mcs-instances/mcs10/bvg/b06/mcs10_b06_s70.B22,2542099012,1000015,37
data/mcs-instances/mcs10/m3D/m3Dr4/mcs10_m3Dr4_s60.A88 data/mcs-instances/mcs10/m3D/m3Dr4/mcs10_m3Dr4_s60.B88,2383215881,1000004,36
data/mcs-instances/mcs10/bvg/b03/mcs10_b03_s100.A11 data/mcs-instances/mcs10/bvg/b03/mcs10_b03_s100.B11,6262908789,1000012,62
data/mcs-instances/mcs10/bvg/b03/mcs10_b03_s90.A74 data/mcs-instances/mcs10/bvg/b03/mcs10_b03_s90.B74,2713425501,1000022,62
data/mcs-instances/mcs10/m3D/m3Dr4/mcs10_m3Dr4_s60.A90 data/mcs-instances/mcs10/m3D/m3Dr4/mcs10_m3Dr4_s60.B90,2682944274,1000008,35
data/mcs-instances/mcs10/m3D/m3Dr4/mcs10_m3Dr4_s60.A59 data/mcs-instances/mcs10/m3D/m3Dr4/mcs10_m3Dr4_s60.B59,2456840501,1000000,35
data/mcs-instances/mcs10/m3D/m3Dr4/mcs10_m3Dr4_s90.A11 data/mcs-instances/mcs10/m3D/m3Dr4/mcs10_m3Dr4_s90.B11,2375889357,1000013,53
data/mcs-instances/mcs10/m3D/m3Dr4/mcs10_m3Dr4_s70.A56 data/mcs-instances/mcs10/m3D/m3Dr4/mcs10_m3Dr4_s70.B56,2543313580,1000000,40
data/mcs-instances/mcs10/m3D/m3Dr4/mcs10_m3Dr4_s100.A66 data/mcs-instances/mcs10/m3D/m3Dr4/mcs10_m3Dr4_s100.B66,2288882686,1000000,55
data/mcs-instances/mcs10/m3D/m3Dr4/mcs10_m3Dr4_s80.A93 data/mcs-instances/mcs10/m3D/m3Dr4/mcs10_m3Dr4_s80.B93,2459508698,1000000,44
data/mcs-instances/mcs10/m3D/m3Dr4/mcs10_m3Dr4_s70.A74 data/mcs-instances/mcs10/m3D/m3Dr4/mcs10_m3Dr4_s70.B74,2416433157,1000002,40
data/mcs-instances/mcs10/m3D/m3Dr6/mcs10_m3Dr6_s70.A96 data/mcs-instances/mcs10/m3D/m3Dr6/mcs10_m3Dr6_s70.B96,2509097233,1000001,37
data/mcs-instances/mcs10/m3D/m3Dr6/mcs10_m3Dr6_s100.A61 data/mcs-instances/mcs10/m3D/m3Dr6/mcs10_m3Dr6_s100.B61,2446976379,1000000,53
data/mcs-instances/mcs10/m3D/m3Dr6/mcs10_m3Dr6_s100.A01 data/mcs-instances/mcs10/m3D/m3Dr6/mcs10_m3Dr6_s100.B01,2742184010,1000000,48
data/mcs-instances/mcs10/m3D/m3Dr6/mcs10_m3Dr6_s100.A10 data/mcs-instances/mcs10/m3D/m3Dr6/mcs10_m3Dr6_s100.B10,2088270484,1000003,51
data/mcs-instances/mcs10/m3D/m3Dr6/mcs10_m3Dr6_s80.A15 data/mcs-instances/mcs10/m3D/m3Dr6/mcs10_m3Dr6_s80.B15,2423412895,1000000,46
data/mcs-instances/mcs10/m3D/m3Dr6/mcs10_m3Dr6_s70.A95 data/mcs-instances/mcs10/m3D/m3Dr6/mcs10_m3Dr6_s70.B95,2414729030,1000000,37
data/mcs-instances/mcs10/m3D/m3Dr6/mcs10_m3Dr6_s90.A64 data/mcs-instances/mcs10/m3D/m3Dr6/mcs10_m3Dr6_s90.B64,2256392090,1000000,47
data/mcs-instances/mcs10/m3D/m3Dr6/mcs10_m3Dr6_s90.A33 data/mcs-instances/mcs10/m3D/m3Dr6/mcs10_m3Dr6_s90.B33,2511788239,1000001,46
data/mcs-instances/mcs10/m3D/m3D/mcs10_m3D_s90.A23 data/mcs-instances/mcs10/m3D/m3D/mcs10_m3D_s90.B23,2427745512,1000000,52
data/mcs-instances/mcs10/m3D/m3D/mcs10_m3D_s80.A24 data/mcs-instances/mcs10/m3D/m3D/mcs10_m3D_s80.B24,2705341293,1000000,47
data/mcs-instances/mcs10/m3D/m3D/mcs10_m3D_s60.A31 data/mcs-instances/mcs10/m3D/m3D/mcs10_m3D_s60.B31,2471568453,1000005,39
data/mcs-instances/mcs10/m3D/m3Dr6/mcs10_m3Dr6_s60.A42 data/mcs-instances/mcs10/m3D/m3Dr6/mcs10_m3Dr6_s60.B42,2418061592,1000005,35
data/mcs-instances/mcs10/m3D/m3Dr6/mcs10_m3Dr6_s100.A51 data/mcs-instances/mcs10/m3D/m3Dr6/mcs10_m3Dr6_s100.B51,2262520803,1000005,53
data/mcs-instances/mcs10/m3D/m3D/mcs10_m3D_s70.A78 data/mcs-instances/mcs10/m3D/m3D/mcs10_m3D_s70.B78,2429645672,1000000,44
data/mcs-instances/mcs10/m3D/m3D/mcs10_m3D_s80.A74 data/mcs-instances/mcs10/m3D/m3D/mcs10_m3D_s80.B74,2542873772,1000006,50
data/mcs-instances/mcs10/m3D/m3D/mcs10_m3D_s80.A49 data/mcs-instances/mcs10/m3D/m3D/mcs10_m3D_s80.B49,2714701754,1000003,47
data/mcs-instances/mcs10/m3D/m3D/mcs10_m3D_s100.A47 data/mcs-instances/mcs10/m3D/m3D/mcs10_m3D_s100.B47,2358336334,1000006,59
data/mcs-instances/mcs10/m3D/m3Dr2/mcs10_m3Dr2_s80.A46 data/mcs-instances/mcs10/m3D/m3Dr2/mcs10_m3Dr2_s80.B46,2436620460,1000005,45
data/mcs-instances/mcs10/m3D/m3Dr2/mcs10_m3Dr2_s100.A28 data/mcs-instances/mcs10/m3D/m3Dr2/mcs10_m3Dr2_s100.B28,2272086106,1000008,57
data/mcs-instances/mcs10/m3D/m3D/mcs10_m3D_s90.A89 data/mcs-instances/mcs10/m3D/m3D/mcs10_m3D_s90.B89,2589952782,1000008,54
data/mcs-instances/mcs10/m3D/m3Dr2/mcs10_m3Dr2_s60.A75 data/mcs-instances/mcs10/m3D/m3Dr2/mcs10_m3Dr2_s60.B75,2496704097,1000013,36
data/mcs-instances/mcs10/m3D/m3Dr2/mcs10_m3Dr2_s100.A98 data/mcs-instances/mcs10/m3D/m3Dr2/mcs10_m3Dr2_s100.B98,2476476406,1000014,57
data/mcs-instances/mcs10/m3D/m3D/mcs10_m3D_s90.A46 data/mcs-instances/mcs10/m3D/m3D/mcs10_m3D_s90.B46,2473435099,1000014,54
data/mcs-instances/mcs10/m3D/m3D/mcs10_m3D_s90.A62 data/mcs-instances/mcs10/m3D/m3D/mcs10_m3D_s90.B62,2628237994,1000014,52
data/mcs-instances/mcs10/m3D/m3Dr2/mcs10_m3Dr2_s80.A62 data/mcs-instances/mcs10/m3D/m3Dr2/mcs10_m3Dr2_s80.B62,2272476304,1000000,45
data/mcs-instances/mcs10/m3D/m3Dr2/mcs10_m3Dr2_s90.A47 data/mcs-instances/mcs10/m3D/m3Dr2/mcs10_m3Dr2_s90.B47,2483211255,1000000,49
data/mcs-instances/mcs10/m4D/m4Dr4/mcs10_m4Dr4_s100.A27 data/mcs-instances/mcs10/m4D/m4Dr4/mcs10_m4Dr4_s100.B27,3953117777,1000000,60
data/mcs-instances/mcs10/m4D/m4Dr4/mcs10_m4Dr4_s100.A89 data/mcs-instances/mcs10/m4D/m4Dr4/mcs10_m4Dr4_s100.B89,5578868676,1000000,64
data/mcs-instances/mcs10/m3D/m3Dr2/mcs10_m3Dr2_s70.A45 data/mcs-instances/mcs10/m3D/m3Dr2/mcs10_m3Dr2_s70.B45,2378212091,1000000,41
data/mcs-instances/mcs10/m3D/m3Dr2/mcs10_m3Dr2_s80.A89 data/mcs-instances/mcs10/m3D/m3Dr2/mcs10_m3Dr2_s80.B89,2534092253,1000000,46
data/mcs-instances/mcs10/m3D/m3Dr2/mcs10_m3Dr2_s60.A44 data/mcs-instances/mcs10/m3D/m3Dr2/mcs10_m3Dr2_s60.B44,2416569372,1000013,38
data/mcs-instances/mcs10/m4D/m4Dr4/mcs10_m4Dr4_s100.A78 data/mcs-instances/mcs10/m4D/m4Dr4/mcs10_m4Dr4_s100.B78,3891887814,1000000,63
data/mcs-instances/mcs10/m4D/m4Dr4/mcs10_m4Dr4_s100.A86 data/mcs-instances/mcs10/m4D/m4Dr4/mcs10_m4Dr4_s100.B86,6381014525,1000002,52
data/mcs-instances/mcs10/m4D/m4Dr4/mcs10_m4Dr4_s100.A88 data/mcs-instances/mcs10/m4D/m4Dr4/mcs10_m4Dr4_s100.B88,3235760996,1000004,59
data/mcs-instances/mcs10/m4D/m4Dr6/mcs10_m4Dr6_s100.A19 data/mcs-instances/mcs10/m4D/m4Dr6/mcs10_m4Dr6_s100.B19,2409711724,1000000,62
data/mcs-instances/mcs10/m4D/m4Dr4/mcs10_m4Dr4_s100.A85 data/mcs-instances/mcs10/m4D/m4Dr4/mcs10_m4Dr4_s100.B85,6358688659,1000002,59
data/mcs-instances/mcs10/m4D/m4Dr4/mcs10_m4Dr4_s100.A73 data/mcs-instances/mcs10/m4D/m4Dr4/mcs10_m4Dr4_s100.B73,5436261214,1000000,63
data/mcs-instances/mcs10/m4D/m4Dr4/mcs10_m4Dr4_s100.A77 data/mcs-instances/mcs10/m4D/m4Dr4/mcs10_m4Dr4_s100.B77,5023283588,1000013,63
data/mcs-instances/mcs10/m3D/m3Dr2/mcs10_m3Dr2_s70.A19 data/mcs-instances/mcs10/m3D/m3Dr2/mcs10_m3Dr2_s70.B19,2339930111,1000012,43
data/mcs-instances/mcs10/m4D/m4Dr4/mcs10_m4Dr4_s100.A02 data/mcs-instances/mcs10/m4D/m4Dr4/mcs10_m4Dr4_s100.B02,5902074963,1000000,54
data/mcs-instances/mcs10/m4D/m4Dr4/mcs10_m4Dr4_s100.A29 data/mcs-instances/mcs10/m4D/m4Dr4/mcs10_m4Dr4_s100.B29,2527289206,1000000,63
data/mcs-instances/mcs10/m4D/m4Dr6/mcs10_m4Dr6_s100.A79 data/mcs-instances/mcs10/m4D/m4Dr6/mcs10_m4Dr6_s100.B79,3992334796,1000000,54
data/mcs-instances/mcs10/m4D/m4Dr6/mcs10_m4Dr6_s100.A84 data/mcs-instances/mcs10/m4D/m4Dr6/mcs10_m4Dr6_s100.B84,4480308373,1000000,53
data/mcs-instances/mcs10/m4D/m4Dr6/mcs10_m4Dr6_s100.A89 data/mcs-instances/mcs10/m4D/m4Dr6/mcs10_m4Dr6_s100.B89,5805886196,1000000,56
data/mcs-instances/mcs10/m4D/m4Dr6/mcs10_m4Dr6_s100.A45 data/mcs-instances/mcs10/m4D/m4Dr6/mcs10_m4Dr6_s100.B45,5684547777,1000014,62
data/mcs-instances/mcs10/m4D/m4Dr6/mcs10_m4Dr6_s100.A73 data/mcs-instances/mcs10/m4D/m4Dr6/mcs10_m4Dr6_s100.B73,3355733909,1000028,62
data/mcs-instances/mcs10/m4D/m4D/mcs10_m4D_s100.A01 data/mcs-instances/mcs10/m4D/m4D/mcs10_m4D_s100.B01,2824780300,1000012,73
data/mcs-instances/mcs10/m4D/m4D/mcs10_m4D_s100.A34 data/mcs-instances/mcs10/m4D/m4D/mcs10_m4D_s100.B34,6236483408,1000001,67
data/mcs-instances/mcs10/m4D/m4Dr6/mcs10_m4Dr6_s100.A26 data/mcs-instances/mcs10/m4D/m4Dr6/mcs10_m4Dr6_s100.B26,6105593155,1000003,56
data/mcs-instances/mcs10/m4D/m4D/mcs10_m4D_s100.A80 data/mcs-instances/mcs10/m4D/m4D/mcs10_m4D_s100.B80,5441881230,1000004,64
data/mcs-instances/mcs10/m4D/m4D/mcs10_m4D_s100.A90 data/mcs-instances/mcs10/m4D/m4D/mcs10_m4D_s100.B90,5934889428,1000013,62
data/mcs-instances/mcs10/m4D/m4Dr6/mcs10_m4Dr6_s100.A36 data/mcs-instances/mcs10/m4D/m4Dr6/mcs10_m4Dr6_s100.B36,6367659224,1000013,55
data/mcs-instances/mcs10/m4D/m4D/mcs10_m4D_s100.A30 data/mcs-instances/mcs10/m4D/m4D/mcs10_m4D_s100.B30,4583855845,1000016,58
data/mcs-instances/mcs10/m4D/m4Dr6/mcs10_m4Dr6_s100.A92 data/mcs-instances/mcs10/m4D/m4Dr6/mcs10_m4Dr6_s100.B92,2476667701,1000008,61
data/mcs-instances/mcs10/m4D/m4Dr6/mcs10_m4Dr6_s100.A94 data/mcs-instances/mcs10/m4D/m4Dr6/mcs10_m4Dr6_s100.B94,2554856597,1000014,61
data/mcs-instances/mcs10/m4D/m4D/mcs10_m4D_s100.A20 data/mcs-instances/mcs10/m4D/m4D/mcs10_m4D_s100.B20,3097434580,1000009,66
data/mcs-instances/mcs10/m4D/m4D/mcs10_m4D_s100.A97 data/mcs-instances/mcs10/m4D/m4D/mcs10_m4D_s100.B97,2912905197,1000008,61
data/mcs-instances/mcs10/m4D/m4D/mcs10_m4D_s100.A86 data/mcs-instances/mcs10/m4D/m4D/mcs10_m4D_s100.B86,6017633281,1000000,62
data/mcs-instances/mcs10/m4D/m4D/mcs10_m4D_s100.A36 data/mcs-instances/mcs10/m4D/m4D/mcs10_m4D_s100.B36,4717470385,1000013,61
data/mcs-instances/mcs10/m4D/m4D/mcs10_m4D_s100.A71 data/mcs-instances/mcs10/m4D/m4D/mcs10_m4D_s100.B71,3375360705,1000014,64
data/mcs-instances/mcs10/rand/r005/mcs10_r005_s25.A43 data/mcs-instances/mcs10/rand/r005/mcs10_r005_s25.B43,34661,10,20
data/mcs-instances/mcs10/rand/r02/mcs10_r02_s20.A89 data/mcs-instances/mcs10/rand/r02/mcs10_r02_s20.B89,206011,59,12
data/mcs-instances/mcs10/rand/r02/mcs10_r02_s20.A02 data/mcs-instances/mcs10/rand/r02/mcs10_r02_s20.B02,126466,58,12
data/mcs-instances/mcs10/rand/r01/mcs10_r01_s20.A81 data/mcs-instances/mcs10/rand/r01/mcs10_r01_s20.B81,94008,31,15
data/mcs-instances/mcs10/rand/r01/mcs10_r01_s20.A72 data/mcs-instances/mcs10/rand/r01/mcs10_r01_s20.B72,56820,19,15
data/mcs-instances/mcs10/rand/r01/mcs10_r01_s20.A21 data/mcs-instances/mcs10/rand/r01/mcs10_r01_s20.B21,78672,26,15
data/mcs-instances/mcs10/rand/r02/mcs10_r02_s20.A46 data/mcs-instances/mcs10/rand/r02/mcs10_r02_s20.B46,341262,140,12
data/mcs-instances/mcs10/rand/r005/mcs10_r005_s35.A93 data/mcs-instances/mcs10/rand/r005/mcs10_r005_s35.B93,19215121,7300,26
data/mcs-instances/mcs10/rand/r02/mcs10_r02_s30.A49 data/mcs-instances/mcs10/rand/r02/mcs10_r02_s30.B49,102183442,52474,14
data/mcs-instances/mcs10/m2D/m2Dr4/mcs10_m2Dr4_s40.A95 data/mcs-instances/mcs10/m2D/m2Dr4/mcs10_m2Dr4_s40.B95,612797245,232631,28
data/mcs-instances/mcs10/m2D/m2Dr4/mcs10_m2Dr4_s40.A62 data/mcs-instances/mcs10/m2D/m2Dr4/mcs10_m2Dr4_s40.B62,671152633,260772,28
data/mcs-instances/mcs10/rand/r02/mcs10_r02_s35.A88 data/mcs-instances/mcs10/rand/r02/mcs10_r02_s35.B88,852295408,464444,16
data/mcs-instances/mcs10/rand/r005/mcs10_r005_s40.A05 data/mcs-instances/mcs10/rand/r005/mcs10_r005_s40.B05,1488992682,546354,28
data/mcs-instances/mcs10/rand/r005/mcs10_r005_s40.A68 data/mcs-instances/mcs10/rand/r005/mcs10_r005_s40.B68,1439968937,548975,28
data/mcs-instances/mcs10/rand/r02/mcs10_r02_s35.A82 data/mcs-instances/mcs10/rand/r02/mcs10_r02_s35.B82,1192907112,646851,15
data/mcs-instances/mcs10/m4D/m4Dr2/mcs10_m4Dr2_s100.A44 data/mcs-instances/mcs10/m4D/m4Dr2/mcs10_m4Dr2_s100.B44,3099362713,1000004,63
data/mcs-instances/mcs10/m4D/m4Dr2/mcs10_m4Dr2_s100.A84 data/mcs-instances/mcs10/m4D/m4Dr2/mcs10_m4Dr2_s100.B84,3283667476,1000000,60
data/mcs-instances/mcs10/m4D/m4Dr2/mcs10_m4Dr2_s100.A09 data/mcs-instances/mcs10/m4D/m4Dr2/mcs10_m4Dr2_s100.B09,6227500354,1000002,56
data/mcs-instances/mcs10/m4D/m4Dr2/mcs10_m4Dr2_s100.A40 data/mcs-instances/mcs10/m4D/m4Dr2/mcs10_m4Dr2_s100.B40,5724358705,1000001,56
data/mcs-instances/mcs10/m4D/m4Dr2/mcs10_m4Dr2_s100.A05 data/mcs-instances/mcs10/m4D/m4Dr2/mcs10_m4Dr2_s100.B05,3403429303,1000002,60
data/mcs-instances/mcs10/m4D/m4Dr2/mcs10_m4Dr2_s100.A04 data/mcs-instances/mcs10/m4D/m4Dr2/mcs10_m4Dr2_s100.B04,4639247347,1000002,65
data/mcs-instances/mcs10/m4D/m4Dr2/mcs10_m4Dr2_s100.A26 data/mcs-instances/mcs10/m4D/m4Dr2/mcs10_m4Dr2_s100.B26,2367003722,1000000,65
data/mcs-instances/mcs10/m4D/m4Dr2/mcs10_m4Dr2_s100.A68 data/mcs-instances/mcs10/m4D/m4Dr2/mcs10_m4Dr2_s100.B68,5976386791,1000002,55
data/mcs-instances/mcs10/rand/r02/mcs10_r02_s90.A09 data/mcs-instances/mcs10/rand/r02/mcs10_r02_s90.B09,1754331978,1000003,19
data/mcs-instances/mcs10/m4D/m4Dr2/mcs10_m4Dr2_s100.A34 data/mcs-instances/mcs10/m4D/m4Dr2/mcs10_m4Dr2_s100.B34,3542089135,1000008,65
data/mcs-instances/mcs10/rand/r02/mcs10_r02_s100.A22 data/mcs-instances/mcs10/rand/r02/mcs10_r02_s100.B22,1795756151,1000002,19
data/mcs-instances/mcs10/m4D/m4Dr2/mcs10_m4Dr2_s100.A73 data/mcs-instances/mcs10/m4D/m4Dr2/mcs10_m4Dr2_s100.B73,5045979840,1000009,64
data/mcs-instances/mcs10/rand/r02/mcs10_r02_s50.A41 data/mcs-instances/mcs10/rand/r02/mcs10_r02_s50.B41,1794274131,1000000,17
data/mcs-instances/mcs10/rand/r02/mcs10_r02_s100.A03 data/mcs-instances/mcs10/rand/r02/mcs10_r02_s100.B03,1680497720,1000001,20
data/mcs-instances/mcs10/rand/r005/mcs10_r005_s70.A99 data/mcs-instances/mcs10/rand/r005/mcs10_r005_s70.B99,2317193961,1000000,36
data/mcs-instances/mcs10/rand/r005/mcs10_r005_s90.A78 data/mcs-instances/mcs10/rand/r005/mcs10_r005_s90.B78,2112017797,1000002,39
data/mcs-instances/mcs10/rand/r005/mcs10_r005_s60.A17 data/mcs-instances/mcs10/rand/r005/mcs10_r005_s60.B17,2547542735,1000000,33
data/mcs-instances/mcs10/rand/r005/mcs10_r005_s70.A06 data/mcs-instances/mcs10/rand/r005/mcs10_r005_s70.B06,2295349939,1000000,35
data/mcs-instances/mcs10/rand/r005/mcs10_r005_s60.A70 data/mcs-instances/mcs10/rand/r005/mcs10_r005_s60.B70,2308618495,1000000,33
data/mcs-instances/mcs10/rand/r005/mcs10_r005_s70.A74 data/mcs-instances/mcs10/rand/r005/mcs10_r005_s70.B74,2327457337,1000001,35
data/mcs-instances/mcs10/rand/r001/mcs10_r001_s100.A03 data/mcs-instances/mcs10/rand/r001/mcs10_r001_s100.B03,5158579848,1000001,72
data/mcs-instances/mcs10/rand/r001/mcs10_r001_s100.A83 data/mcs-instances/mcs10/rand/r001/mcs10_r001_s100.B83,3816338793,1000000,72
data/mcs-instances/mcs10/rand/r001/mcs10_r001_s100.A55 data/mcs-instances/mcs10/rand/r001/mcs10_r001_s100.B55,4945778610,1000001,64
data/mcs-instances/mcs10/rand/r001/mcs10_r001_s100.A44 data/mcs-instances/mcs10/rand/r001/mcs10_r001_s100.B44,4453522294,1000000,72
data/mcs-instances/mcs10/rand/r001/mcs10_r001_s100.A57 data/mcs-instances/mcs10/rand/r001/mcs10_r001_s100.B57,4034579541,1000000,70
data/mcs-instances/mcs10/rand/r001/mcs10_r001_s100.A43 data/mcs-instances/mcs10/rand/r001/mcs10_r001_s100.B43,5317704646,1000000,68
data/mcs-instances/mcs10/rand/r001/mcs10_r001_s100.A15 data/mcs-instances/mcs10/rand/r001/mcs10_r001_s100.B15,4738206780,1000000,69
data/mcs-instances/mcs10/rand/r01/mcs10_r01_s40.A49 data/mcs-instances/mcs10/rand/r01/mcs10_r01_s40.B49,2177253353,1000001,21
data/mcs-instances/mcs10/rand/r01/mcs10_r01_s100.A59 data/mcs-instances/mcs10/rand/r01/mcs10_r01_s100.B59,1850854526,1000000,28
data/mcs-instances/mcs10/rand/r001/mcs10_r001_s100.A96 data/mcs-instances/mcs10/rand/r001/mcs10_r001_s100.B96,5696759781,1000006,76
data/mcs-instances/mcs10/rand/r01/mcs10_r01_s50.A42 data/mcs-instances/mcs10/rand/r01/mcs10_r01_s50.B42,2060614509,1000001,23
data/mcs-instances/mcs10/rand/r001/mcs10_r001_s100.A70 data/mcs-instances/mcs10/rand/r001/mcs10_r001_s100.B70,3930635085,1000007,71
data/mcs-instances/mcs10/rand/r01/mcs10_r01_s40.A77 data/mcs-instances/mcs10/rand/r01/mcs10_r01_s40.B77,2228471047,1000000,22
data/mcs-instances/mcs10/rand/r01/mcs10_r01_s60.A94 data/mcs-instances/mcs10/rand/r01/mcs10_r01_s60.B94,1990111737,1000000,24
data/mcs-instances/mcs10/rand/r001/mcs10_r001_s100.A81 data/mcs-instances/mcs10/rand/r001/mcs10_r001_s100.B81,5536331906,1000003,61
data/mcs-instances/mcs10/rand/r01/mcs10_r01_s80.A96 data/mcs-instances/mcs10/rand/r01/mcs10_r01_s80.B96,1815343248,1000000,25
data/mcs-instances/mcs10/m2D/m2Dr2/mcs10_m2Dr2_s100.A84 data/mcs-instances/mcs10/m2D/m2Dr2/mcs10_m2Dr2_s100.B84,6328515786,1000000,54
data/mcs-instances/mcs10/m2D/m2Dr2/mcs10_m2Dr2_s90.A75 data/mcs-instances/mcs10/m2D/m2Dr2/mcs10_m2Dr2_s90.B75,2801582035,1000001,57
data/mcs-instances/mcs10/rand/r01/mcs10_r01_s90.A58 data/mcs-instances/mcs10/rand/r01/mcs10_r01_s90.B58,1903271330,1000002,26
data/mcs-instances/mcs10/m2D/m2Dr2/mcs10_m2Dr2_s70.A49 data/mcs-instances/mcs10/m2D/m2Dr2/mcs10_m2Dr2_s70.B49,2725204139,1000004,46
data/mcs-instances/mcs10/m2D/m2Dr2/mcs10_m2Dr2_s70.A39 data/mcs-instances/mcs10/m2D/m2Dr2/mcs10_m2Dr2_s70.B39,2949595157,1000005,47
data/mcs-instances/mcs10/m2D/m2Dr2/mcs10_m2Dr2_s100.A97 data/mcs-instances/mcs10/m2D/m2Dr2/mcs10_m2Dr2_s100.B97,3013075099,1000002,61
data/mcs-instances/mcs10/m2D/m2Dr2/mcs10_m2Dr2_s90.A78 data/mcs-instances/mcs10/m2D/m2Dr2/mcs10_m2Dr2_s90.B78,2729553910,1000000,57
data/mcs-instances/mcs10/m2D/m2Dr2/mcs10_m2Dr2_s80.A15 data/mcs-instances/mcs10/m2D/m2Dr2/mcs10_m2Dr2_s80.B15,5511043665,1000003,46
data/mcs-instances/mcs10/m2D/m2Dr2/mcs10_m2Dr2_s80.A45 data/mcs-instances/mcs10/m2D/m2Dr2/mcs10_m2Dr2_s80.B45,2548287305,1000014,52
data/mcs-instances/mcs10/m2D/m2Dr2/mcs10_m2Dr2_s100.A41 data/mcs-instances/mcs10/m2D/m2Dr2/mcs10_m2Dr2_s100.B41,2951618089,1000009,62
data/mcs-instances/mcs10/m2D/m2Dr4/mcs10_m2Dr4_s60.A33 data/mcs-instances/mcs10/m2D/m2Dr4/mcs10_m2Dr4_s60.B33,2569255171,1000012,38
data/mcs-instances/mcs10/m2D/m2Dr4/mcs10_m2Dr4_s90.A72 data/mcs-instances/mcs10/m2D/m2Dr4/mcs10_m2Dr4_s90.B72,2501917131,1000000,55
data/mcs-instances/mcs10/m2D/m2Dr2/mcs10_m2Dr2_s80.A23 data/mcs-instances/mcs10/m2D/m2Dr2/mcs10_m2Dr2_s80.B23,2556434785,1000011,52
data/mcs-instances/mcs10/m2D/m2Dr4/mcs10_m2Dr4_s100.A25 data/mcs-instances/mcs10/m2D/m2Dr4/mcs10_m2Dr4_s100.B25,2698204507,1000014,60
data/mcs-instances/mcs10/m2D/m2Dr4/mcs10_m2Dr4_s60.A14 data/mcs-instances/mcs10/m2D/m2Dr4/mcs10_m2Dr4_s60.B14,2543643417,1000017,40
data/mcs-instances/mcs10/m2D/m2Dr4/mcs10_m2Dr4_s70.A36 data/mcs-instances/mcs10/m2D/m2Dr4/mcs10_m2Dr4_s70.B36,2606021110,1000015,45
data/mcs-instances/mcs10/m2D/m2Dr4/mcs10_m2Dr4_s90.A14 data/mcs-instances/mcs10/m2D/m2Dr4/mcs10_m2Dr4_s90.B14,2688073546,1000014,56
data/mcs-instances/mcs10/m2D/m2Dr4/mcs10_m2Dr4_s50.A61 data/mcs-instances/mcs10/m2D/m2Dr4/mcs10_m2Dr4_s50.B61,2404709943,1000009,34
data/mcs-instances/mcs10/m2D/m2Dr4/mcs10_m2Dr4_s70.A55 data/mcs-instances/mcs10/m2D/m2Dr4/mcs10_m2Dr4_s70.B55,2614552054,1000000,43
data/mcs-instances/mcs10/m2D/m2Dr6/mcs10_m2Dr6_s70.A18 data/mcs-instances/mcs10/m2D/m2Dr6/mcs10_m2Dr6_s70.B18,2450890139,1000013,43
data/mcs-instances/mcs10/m2D/m2Dr6/mcs10_m2Dr6_s90.A87 data/mcs-instances/mcs10/m2D/m2Dr6/mcs10_m2Dr6_s90.B87,2556240584,1000000,52
data/mcs-instances/mcs10/m2D/m2Dr6/mcs10_m2Dr6_s60.A68 data/mcs-instances/mcs10/m2D/m2Dr6/mcs10_m2Dr6_s60.B68,2571115058,1000015,38
data/mcs-instances/mcs10/m2D/m2Dr6/mcs10_m2Dr6_s80.A85 data/mcs-instances/mcs10/m2D/m2Dr6/mcs10_m2Dr6_s80.B85,2496403202,1000014,47
data/mcs-instances/mcs30/bvg/b03m/mcs30_b03m_s15.A51 data/mcs-instances/mcs30/bvg/b03m/mcs30_b03m_s15.B51,2300,0,12
data/mcs-instances/mcs30/bvg/b03m/mcs30_b03m_s20.A16 data/mcs-instances/mcs30/bvg/b03m/mcs30_b03m_s20.B16,27129,8,16
data/mcs-instances/mcs30/bvg/b06m/mcs30_b06m_s30.A18 data/mcs-instances/mcs30/bvg/b06m/mcs30_b06m_s30.B18,39833218,15616,18
data/mcs-instances/mcs30/bvg/b03m/mcs30_b03m_s40.A50 data/mcs-instances/mcs30/bvg/b03m/mcs30_b03m_s40.B50,51228387,19485,31
data/mcs-instances/mcs30/bvg/b06/mcs30_b06_s35.A54 data/mcs-instances/mcs30/bvg/b06/mcs30_b06_s35.B54,63000798,26746,22
data/mcs-instances/mcs30/bvg/b03m/mcs30_b03m_s35.A17 data/mcs-instances/mcs30/bvg/b03m/mcs30_b03m_s35.B17,81278883,28086,27
data/mcs-instances/mcs30/bvg/b06/mcs30_b06_s30.A18 data/mcs-instances/mcs30/bvg/b06/mcs30_b06_s30.B18,16544814,6647,18
data/mcs-instances/mcs10/m2D/m2Dr6/mcs10_m2Dr6_s60.A05 data/mcs-instances/mcs10/m2D/m2Dr6/mcs10_m2Dr6_s60.B05,2439825694,1000000,38
data/mcs-instances/mcs30/bvg/b03m/mcs30_b03m_s40.A07 data/mcs-instances/mcs30/bvg/b03m/mcs30_b03m_s40.B07,157710664,60610,31
data/mcs-instances/mcs30/bvg/b03/mcs30_b03_s15.A51 data/mcs-instances/mcs30/bvg/b03/mcs30_b03_s15.B51,2338,0,12
data/mcs-instances/mcs30/bvg/b03/mcs30_b03_s40.A84 data/mcs-instances/mcs30/bvg/b03/mcs30_b03_s40.B84,336809112,126123,31
data/mcs-instances/mcs30/bvg/b09m/mcs30_b09m_s35.A86 data/mcs-instances/mcs30/bvg/b09m/mcs30_b09m_s35.B86,459703348,204785,19
data/mcs-instances/mcs30/bvg/b09m/mcs30_b09m_s35.A46 data/mcs-instances/mcs30/bvg/b09m/mcs30_b09m_s35.B46,474042045,222007,18
data/mcs-instances/mcs10/m2D/m2Dr6/mcs10_m2Dr6_s100.A42 data/mcs-instances/mcs10/m2D/m2Dr6/mcs10_m2Dr6_s100.B42,2833983901,1000014,56
data/mcs-instances/mcs10/m2D/m2Dr6/mcs10_m2Dr6_s100.A63 data/mcs-instances/mcs10/m2D/m2Dr6/mcs10_m2Dr6_s100.B63,4138793044,1000015,51
data/mcs-instances/mcs30/bvg/b03/mcs30_b03_s35.A94 data/mcs-instances/mcs30/bvg/b03/mcs30_b03_s35.B94,10191177,3762,27
data/mcs-instances/mcs30/bvg/b03/mcs30_b03_s20.A26 data/mcs-instances/mcs30/bvg/b03/mcs30_b03_s20.B26,27273,8,15
data/mcs-instances/mcs10/m2D/m2Dr6/mcs10_m2Dr6_s50.A68 data/mcs-instances/mcs10/m2D/m2Dr6/mcs10_m2Dr6_s50.B68,2554297316,1000011,33
data/mcs-instances/mcs10/m2D/m2Dr6/mcs10_m2Dr6_s100.A78 data/mcs-instances/mcs10/m2D/m2Dr6/mcs10_m2Dr6_s100.B78,2347724614,1000013,61
data/mcs-instances/mcs10/m2D/m2D/mcs10_m2D_s50.A59 data/mcs-instances/mcs10/m2D/m2D/mcs10_m2D_s50.B59,1813637644,750593,39
data/mcs-instances/mcs30/bvg/b03/mcs30_b03_s40.A48 data/mcs-instances/mcs30/bvg/b03/mcs30_b03_s40.B48,65438191,25588,31
data/mcs-instances/mcs30/m3D/m3Dr4/mcs30_m3Dr4_s30.A50 data/mcs-instances/mcs30/m3D/m3Dr4/mcs30_m3Dr4_s30.B50,9411502,3551,20
data/mcs-instances/mcs30/bvg/b06m/mcs30_b06m_s40.A94 data/mcs-instances/mcs30/bvg/b06m/mcs30_b06m_s40.B94,2375831269,972396,25
data/mcs-instances/mcs10/m2D/m2Dr6/mcs10_m2Dr6_s50.A30 data/mcs-instances/mcs10/m2D/m2Dr6/mcs10_m2Dr6_s50.B30,2602942193,1000001,31
data/mcs-instances/mcs10/m2D/m2D/mcs10_m2D_s100.A73 data/mcs-instances/mcs10/m2D/m2D/mcs10_m2D_s100.B73,3193533660,1000007,66
data/mcs-instances/mcs10/m2D/m2D/mcs10_m2D_s50.A73 data/mcs-instances/mcs10/m2D/m2D/mcs10_m2D_s50.B73,2490890135,1000001,38
data/mcs-instances/mcs10/m2D/m2D/mcs10_m2D_s50.A90 data/mcs-instances/mcs10/m2D/m2D/mcs10_m2D_s50.B90,2568774493,1000008,36
data/mcs-instances/mcs10/m2D/m2D/mcs10_m2D_s80.A94 data/mcs-instances/mcs10/m2D/m2D/mcs10_m2D_s80.B94,2863213092,1000006,53
data/mcs-instances/mcs10/m2D/m2D/mcs10_m2D_s90.A19 data/mcs-instances/mcs10/m2D/m2D/mcs10_m2D_s90.B19,2762400448,1000000,59
data/mcs-instances/mcs10/m2D/m2D/mcs10_m2D_s80.A26 data/mcs-instances/mcs10/m2D/m2D/mcs10_m2D_s80.B26,3158885886,1000001,51
data/mcs-instances/mcs10/m2D/m2D/mcs10_m2D_s70.A86 data/mcs-instances/mcs10/m2D/m2D/mcs10_m2D_s70.B86,2599860180,1000000,48
data/mcs-instances/mcs30/bvg/b03m/mcs30_b03m_s50.A62 data/mcs-instances/mcs30/bvg/b03m/mcs30_b03m_s50.B62,2524104331,1000001,39
data/mcs-instances/mcs10/m2D/m2D/mcs10_m2D_s50.A66 data/mcs-instances/mcs10/m2D/m2D/mcs10_m2D_s50.B66,2564229662,1000007,36
data/mcs-instances/mcs10/m2D/m2D/mcs10_m2D_s60.A93 data/mcs-instances/mcs10/m2D/m2D/mcs10_m2D_s60.B93,2414040646,1000004,44
data/mcs-instances/mcs30/bvg/b03m/mcs30_b03m_s50.A46 data/mcs-instances/mcs30/bvg/b03m/mcs30_b03m_s50.B46,2563847606,1000010,39
data/mcs-instances/mcs30/bvg/b03m/mcs30_b03m_s60.A57 data/mcs-instances/mcs30/bvg/b03m/mcs30_b03m_s60.B57,2547664852,1000008,45
data/mcs-instances/mcs30/bvg/b03m/mcs30_b03m_s50.A89 data/mcs-instances/mcs30/bvg/b03m/mcs30_b03m_s50.B89,2668595381,1000002,39
data/mcs-instances/mcs30/bvg/b03m/mcs30_b03m_s100.A76 data/mcs-instances/mcs30/bvg/b03m/mcs30_b03m_s100.B76,6403644877,1000001,58
data/mcs-instances/mcs30/bvg/b06m/mcs30_b06m_s60.A35 data/mcs-instances/mcs30/bvg/b06m/mcs30_b06m_s60.B35,2463522092,1000004,34
data/mcs-instances/mcs30/bvg/b06m/mcs30_b06m_s60.A50 data/mcs-instances/mcs30/bvg/b06m/mcs30_b06m_s60.B50,2525558194,1000000,33
data/mcs-instances/mcs30/bvg/b06m/mcs30_b06m_s80.A73 data/mcs-instances/mcs30/bvg/b06m/mcs30_b06m_s80.B73,2492890302,1000000,43
data/mcs-instances/mcs30/bvg/b06m/mcs30_b06m_s100.A99 data/mcs-instances/mcs30/bvg/b06m/mcs30_b06m_s100.B99,2205872444,1000000,52
data/mcs-instances/mcs30/bvg/b06m/mcs30_b06m_s80.A13 data/mcs-instances/mcs30/bvg/b06m/mcs30_b06m_s80.B13,2250024391,1000001,43
data/mcs-instances/mcs30/bvg/b06m/mcs30_b06m_s100.A29 data/mcs-instances/mcs30/bvg/b06m/mcs30_b06m_s100.B29,2772799389,1000014,51
data/mcs-instances/mcs30/bvg/b09m/mcs30_b09m_s40.A05 data/mcs-instances/mcs30/bvg/b09m/mcs30_b09m_s40.B05,2156455639,1000014,20
data/mcs-instances/mcs30/bvg/b09m/mcs30_b09m_s60.A49 data/mcs-instances/mcs30/bvg/b09m/mcs30_b09m_s60.B49,2208187805,1000012,29
data/mcs-instances/mcs30/bvg/b06m/mcs30_b06m_s90.A86 data/mcs-instances/mcs30/bvg/b06m/mcs30_b06m_s90.B86,2534900740,1000003,49
data/mcs-instances/mcs30/bvg/b09m/mcs30_b09m_s40.A06 data/mcs-instances/mcs30/bvg/b09m/mcs30_b09m_s40.B06,1997965741,1000000,21
data/mcs-instances/mcs30/bvg/b06m/mcs30_b06m_s60.A07 data/mcs-instances/mcs30/bvg/b06m/mcs30_b06m_s60.B07,2362759169,1000011,34
data/mcs-instances/mcs30/bvg/b09m/mcs30_b09m_s80.A43 data/mcs-instances/mcs30/bvg/b09m/mcs30_b09m_s80.B43,2068141343,1000002,37
data/mcs-instances/mcs30/bvg/b09m/mcs30_b09m_s90.A77 data/mcs-instances/mcs30/bvg/b09m/mcs30_b09m_s90.B77,2446028113,1000000,38
data/mcs-instances/mcs30/bvg/b09m/mcs30_b09m_s60.A99 data/mcs-instances/mcs30/bvg/b09m/mcs30_b09m_s60.B99,2142943517,1000000,29
data/mcs-instances/mcs30/bvg/b09m/mcs30_b09m_s50.A91 data/mcs-instances/mcs30/bvg/b09m/mcs30_b09m_s50.B91,2209950122,1000004,24
data/mcs-instances/mcs30/bvg/b09m/mcs30_b09m_s90.A83 data/mcs-instances/mcs30/bvg/b09m/mcs30_b09m_s90.B83,2168168090,1000009,39
data/mcs-instances/mcs30/bvg/b09/mcs30_b09_s60.A99 data/mcs-instances/mcs30/bvg/b09/mcs30_b09_s60.B99,2254486204,1000000,28
data/mcs-instances/mcs30/bvg/b09/mcs30_b09_s70.A25 data/mcs-instances/mcs30/bvg/b09/mcs30_b09_s70.B25,2323407056,1000000,32
data/mcs-instances/mcs30/bvg/b09/mcs30_b09_s50.A31 data/mcs-instances/mcs30/bvg/b09/mcs30_b09_s50.B31,2129185888,1000026,25
data/mcs-instances/mcs30/bvg/b09/mcs30_b09_s80.A66 data/mcs-instances/mcs30/bvg/b09/mcs30_b09_s80.B66,2235436866,1000024,35
data/mcs-instances/mcs30/bvg/b09/mcs30_b09_s40.A18 data/mcs-instances/mcs30/bvg/b09/mcs30_b09_s40.B18,2116603686,1000015,21
data/mcs-instances/mcs30/bvg/b09/mcs30_b09_s90.A51 data/mcs-instances/mcs30/bvg/b09/mcs30_b09_s90.B51,2298277080,1000002,40
data/mcs-instances/mcs30/bvg/b06/mcs30_b06_s100.A24 data/mcs-instances/mcs30/bvg/b06/mcs30_b06_s100.B24,2523260978,1000000,53
data/mcs-instances/mcs30/bvg/b09/mcs30_b09_s90.A83 data/mcs-instances/mcs30/bvg/b09/mcs30_b09_s90.B83,2226061326,1000000,40
data/mcs-instances/mcs30/bvg/b09/mcs30_b09_s60.A77 data/mcs-instances/mcs30/bvg/b09/mcs30_b09_s60.B77,2140833125,1000000,30
data/mcs-instances/mcs30/bvg/b09/mcs30_b09_s70.A72 data/mcs-instances/mcs30/bvg/b09/mcs30_b09_s70.B72,2129462505,1000005,33
data/mcs-instances/mcs30/bvg/b06/mcs30_b06_s60.A35 data/mcs-instances/mcs30/bvg/b06/mcs30_b06_s60.B35,2458628653,1000010,33
data/mcs-instances/mcs30/bvg/b09/mcs30_b09_s80.A43 data/mcs-instances/mcs30/bvg/b09/mcs30_b09_s80.B43,2326529520,1000015,35
data/mcs-instances/mcs30/bvg/b06/mcs30_b06_s80.A59 data/mcs-instances/mcs30/bvg/b06/mcs30_b06_s80.B59,2542387251,1000013,43
data/mcs-instances/mcs30/bvg/b06/mcs30_b06_s70.A81 data/mcs-instances/mcs30/bvg/b06/mcs30_b06_s70.B81,2400981754,1000013,39
data/mcs-instances/mcs30/m3D/m3Dr4/mcs30_m3Dr4_s30.A65 data/mcs-instances/mcs30/m3D/m3Dr4/mcs30_m3Dr4_s30.B65,13400790,5162,20
data/mcs-instances/mcs30/bvg/b06/mcs30_b06_s100.A99 data/mcs-instances/mcs30/bvg/b06/mcs30_b06_s100.B99,2270443938,1000013,54
data/mcs-instances/mcs30/m3D/m3Dr4/mcs30_m3Dr4_s25.A99 data/mcs-instances/mcs30/m3D/m3Dr4/mcs30_m3Dr4_s25.B99,1493175,556,17
data/mcs-instances/mcs30/bvg/b06/mcs30_b06_s60.A50 data/mcs-instances/mcs30/bvg/b06/mcs30_b06_s60.B50,2360636604,1000016,35
data/mcs-instances/mcs30/m3D/m3Dr4/mcs30_m3Dr4_s25.A77 data/mcs-instances/mcs30/m3D/m3Dr4/mcs30_m3Dr4_s25.B77,2723764,1003,16
data/mcs-instances/mcs30/m3D/m3Dr4/mcs30_m3Dr4_s30.A08 data/mcs-instances/mcs30/m3D/m3Dr4/mcs30_m3Dr4_s30.B08,5885128,2335,20
data/mcs-instances/mcs30/bvg/b06/mcs30_b06_s70.A37 data/mcs-instances/mcs30/bvg/b06/mcs30_b06_s70.B37,2596622666,1000015,37
data/mcs-instances/mcs30/bvg/b06/mcs30_b06_s80.A13 data/mcs-instances/mcs30/bvg/b06/mcs30_b06_s80.B13,2456339381,1000017,43
data/mcs-instances/mcs30/m3D/m3Dr4/mcs30_m3Dr4_s30.A96 data/mcs-instances/mcs30/m3D/m3Dr4/mcs30_m3Dr4_s30.B96,9285638,3628,20
data/mcs-instances/mcs30/bvg/b03/mcs30_b03_s80.A69 data/mcs-instances/mcs30/bvg/b03/mcs30_b03_s80.B69,5570505336,1000012,50
data/mcs-instances/mcs30/bvg/b03/mcs30_b03_s100.A76 data/mcs-instances/mcs30/bvg/b03/mcs30_b03_s100.B76,6329156246,1000014,62
data/mcs-instances/mcs30/bvg/b03/mcs30_b03_s50.A71 data/mcs-instances/mcs30/bvg/b03/mcs30_b03_s50.B71,2575373875,1000013,39
data/mcs-instances/mcs30/bvg/b03/mcs30_b03_s60.A19 data/mcs-instances/mcs30/bvg/b03/mcs30_b03_s60.B19,2421242249,1000025,45
data/mcs-instances/mcs30/bvg/b03/mcs30_b03_s80.A06 data/mcs-instances/mcs30/bvg/b03/mcs30_b03_s80.B06,5189108006,1000014,45
data/mcs-instances/mcs30/m3D/m3Dr4/mcs30_m3Dr4_s100.A32 data/mcs-instances/mcs30/m3D/m3Dr4/mcs30_m3Dr4_s100.B32,2619697524,1000013,52
data/mcs-instances/mcs30/m3D/m3Dr6/mcs30_m3Dr6_s30.A67 data/mcs-instances/mcs30/m3D/m3Dr6/mcs30_m3Dr6_s30.B67,21100433,8132,19
data/mcs-instances/mcs30/m3D/m3Dr6/mcs30_m3Dr6_s25.A15 data/mcs-instances/mcs30/m3D/m3Dr6/mcs30_m3Dr6_s25.B15,2969971,1123,16
data/mcs-instances/mcs30/m3D/m3D/mcs30_m3D_s25.A65 data/mcs-instances/mcs30/m3D/m3D/mcs30_m3D_s25.B65,473195,170,18
data/mcs-instances/mcs30/m3D/m3Dr2/mcs30_m3Dr2_s25.A21 data/mcs-instances/mcs30/m3D/m3Dr2/mcs30_m3Dr2_s25.B21,708055,257,17
data/mcs-instances/mcs30/m3D/m3Dr2/mcs30_m3Dr2_s25.A74 data/mcs-instances/mcs30/m3D/m3Dr2/mcs30_m3Dr2_s25.B74,1008964,372,17
data/mcs-instances/mcs30/m3D/m3Dr2/mcs30_m3Dr2_s25.A72 data/mcs-instances/mcs30/m3D/m3Dr2/mcs30_m3Dr2_s25.B72,1065925,401,17
data/mcs-instances/mcs30/m3D/m3Dr2/mcs30_m3Dr2_s25.A81 data/mcs-instances/mcs30/m3D/m3Dr2/mcs30_m3Dr2_s25.B81,1535008,566,17
data/mcs-instances/mcs30/m3D/m3D/mcs30_m3D_s30.A00 data/mcs-instances/mcs30/m3D/m3D/mcs30_m3D_s30.B00,4753715,1805,21
data/mcs-instances/mcs30/m3D/m3Dr2/mcs30_m3Dr2_s30.A80 data/mcs-instances/mcs30/m3D/m3Dr2/mcs30_m3Dr2_s30.B80,10518775,3886,20
data/mcs-instances/mcs30/m3D/m3Dr2/mcs30_m3Dr2_s30.A89 data/mcs-instances/mcs30/m3D/m3Dr2/mcs30_m3Dr2_s30.B89,12500520,4579,20
data/mcs-instances/mcs30/m3D/m3Dr2/mcs30_m3Dr2_s30.A11 data/mcs-instances/mcs30/m3D/m3Dr2/mcs30_m3Dr2_s30.B11,14195507,5369,20
data/mcs-instances/mcs30/m3D/m3Dr6/mcs30_m3Dr6_s30.A92 data/mcs-instances/mcs30/m3D/m3Dr6/mcs30_m3Dr6_s30.B92,22720960,9233,19
data/mcs-instances/mcs30/m3D/m3D/mcs30_m3D_s30.A35 data/mcs-instances/mcs30/m3D/m3D/mcs30_m3D_s30.B35,25392696,9260,21
data/mcs-instances/mcs30/m3D/m3Dr4/mcs30_m3Dr4_s90.A42 data/mcs-instances/mcs30/m3D/m3Dr4/mcs30_m3Dr4_s90.B42,2344763849,1000013,50
data/mcs-instances/mcs30/m3D/m3Dr4/mcs30_m3Dr4_s90.A47 data/mcs-instances/mcs30/m3D/m3Dr4/mcs30_m3Dr4_s90.B47,2438682350,1000015,49
data/mcs-instances/mcs30/m3D/m3D/mcs30_m3D_s40.A42 data/mcs-instances/mcs30/m3D/m3D/mcs30_m3D_s40.B42,225186165,88254,28
data/mcs-instances/mcs30/m3D/m3Dr4/mcs30_m3Dr4_s100.A83 data/mcs-instances/mcs30/m3D/m3Dr4/mcs30_m3Dr4_s100.B83,2665776046,1000013,55
data/mcs-instances/mcs30/m3D/m3Dr6/mcs30_m3Dr6_s80.A14 data/mcs-instances/mcs30/m3D/m3Dr6/mcs30_m3Dr6_s80.B14,2219605406,1000013,46
data/mcs-instances/mcs30/m3D/m3Dr6/mcs30_m3Dr6_s80.A37 data/mcs-instances/mcs30/m3D/m3Dr6/mcs30_m3Dr6_s80.B37,2436839186,1000013,43
data/mcs-instances/mcs30/m3D/m3D/mcs30_m3D_s40.A14 data/mcs-instances/mcs30/m3D/m3D/mcs30_m3D_s40.B14,937191483,365509,28
data/mcs-instances/mcs30/m3D/m3Dr6/mcs30_m3Dr6_s70.A29 data/mcs-instances/mcs30/m3D/m3Dr6/mcs30_m3Dr6_s70.B29,2380993245,1000013,39
data/mcs-instances/mcs30/rand/r02/mcs30_r02_s20.A96 data/mcs-instances/mcs30/rand/r02/mcs30_r02_s20.B96,331677,142,12
data/mcs-instances/mcs30/rand/r02/mcs30_r02_s20.A97 data/mcs-instances/mcs30/rand/r02/mcs30_r02_s20.B97,140978,64,12
data/mcs-instances/mcs30/rand/r02/mcs30_r02_s25.A35 data/mcs-instances/mcs30/rand/r02/mcs30_r02_s25.B35,5603089,2695,13
data/mcs-instances/mcs30/m3D/m3Dr6/mcs30_m3Dr6_s90.A12 data/mcs-instances/mcs30/m3D/m3Dr6/mcs30_m3Dr6_s90.B12,2443263050,1000013,48
data/mcs-instances/mcs30/rand/r02/mcs30_r02_s25.A02 data/mcs-instances/mcs30/rand/r02/mcs30_r02_s25.B02,6399688,3015,13
data/mcs-instances/mcs30/m3D/m3Dr6/mcs30_m3Dr6_s70.A87 data/mcs-instances/mcs30/m3D/m3Dr6/mcs30_m3Dr6_s70.B87,2239485503,1000013,40
data/mcs-instances/mcs30/m3D/m3Dr2/mcs30_m3Dr2_s40.A13 data/mcs-instances/mcs30/m3D/m3Dr2/mcs30_m3Dr2_s40.B13,1745815324,691464,27
data/mcs-instances/mcs30/m3D/m3Dr6/mcs30_m3Dr6_s40.A44 data/mcs-instances/mcs30/m3D/m3Dr6/mcs30_m3Dr6_s40.B44,2434028867,1000013,25
data/mcs-instances/mcs30/m3D/m3Dr6/mcs30_m3Dr6_s80.A46 data/mcs-instances/mcs30/m3D/m3Dr6/mcs30_m3Dr6_s80.B46,2412609235,1000015,43
data/mcs-instances/mcs30/m3D/m3D/mcs30_m3D_s80.A46 data/mcs-instances/mcs30/m3D/m3D/mcs30_m3D_s80.B46,2533734218,1000001,49
data/mcs-instances/mcs30/m3D/m3D/mcs30_m3D_s70.A19 data/mcs-instances/mcs30/m3D/m3D/mcs30_m3D_s70.B19,2436461246,1000001,44
data/mcs-instances/mcs30/m3D/m3D/mcs30_m3D_s80.A17 data/mcs-instances/mcs30/m3D/m3D/mcs30_m3D_s80.B17,2407853686,1000007,49
data/mcs-instances/mcs30/m3D/m3D/mcs30_m3D_s80.A88 data/mcs-instances/mcs30/m3D/m3D/mcs30_m3D_s80.B88,2738680780,1000008,47
data/mcs-instances/mcs30/m3D/m3D/mcs30_m3D_s100.A92 data/mcs-instances/mcs30/m3D/m3D/mcs30_m3D_s100.B92,2709017358,1000007,59
data/mcs-instances/mcs30/m3D/m3Dr2/mcs30_m3Dr2_s70.A77 data/mcs-instances/mcs30/m3D/m3Dr2/mcs30_m3Dr2_s70.B77,2508876997,1000000,42
data/mcs-instances/mcs30/m4D/m4Dr4/mcs30_m4Dr4_s50.A45 data/mcs-instances/mcs30/m4D/m4Dr4/mcs30_m4Dr4_s50.B45,2595356003,1000009,34
data/mcs-instances/mcs30/m4D/m4Dr4/mcs30_m4Dr4_s50.A19 data/mcs-instances/mcs30/m4D/m4Dr4/mcs30_m4Dr4_s50.B19,2549377630,1000000,34
data/mcs-instances/mcs30/m3D/m3Dr2/mcs30_m3Dr2_s90.A52 data/mcs-instances/mcs30/m3D/m3Dr2/mcs30_m3Dr2_s90.B52,2348072519,1000014,51
data/mcs-instances/mcs30/m4D/m4Dr4/mcs30_m4Dr4_s90.A92 data/mcs-instances/mcs30/m4D/m4Dr4/mcs30_m4Dr4_s90.B92,2711288678,1000014,59
data/mcs-instances/mcs30/m4D/m4Dr4/mcs30_m4Dr4_s60.A24 data/mcs-instances/mcs30/m4D/m4Dr4/mcs30_m4Dr4_s60.B24,2689829715,1000014,38
data/mcs-instances/mcs30/m4D/m4Dr4/mcs30_m4Dr4_s70.A44 data/mcs-instances/mcs30/m4D/m4Dr4/mcs30_m4Dr4_s70.B44,2858455768,1000003,47
data/mcs-instances/mcs30/m4D/m4Dr4/mcs30_m4Dr4_s60.A49 data/mcs-instances/mcs30/m4D/m4Dr4/mcs30_m4Dr4_s60.B49,2746833903,1000009,39
data/mcs-instances/mcs30/m4D/m4Dr4/mcs30_m4Dr4_s50.A31 data/mcs-instances/mcs30/m4D/m4Dr4/mcs30_m4Dr4_s50.B31,2628287569,1000001,33
data/mcs-instances/mcs30/m4D/m4Dr4/mcs30_m4Dr4_s50.A91 data/mcs-instances/mcs30/m4D/m4Dr4/mcs30_m4Dr4_s50.B91,2520134128,1000014,34
data/mcs-instances/mcs30/m4D/m4Dr6/mcs30_m4Dr6_s60.A15 data/mcs-instances/mcs30/m4D/m4Dr6/mcs30_m4Dr6_s60.B15,2661262010,1000016,38
data/mcs-instances/mcs30/m4D/m4Dr4/mcs30_m4Dr4_s60.A99 data/mcs-instances/mcs30/m4D/m4Dr4/mcs30_m4Dr4_s60.B99,2779663278,1000014,39
data/mcs-instances/mcs30/m4D/m4Dr4/mcs30_m4Dr4_s80.A66 data/mcs-instances/mcs30/m4D/m4Dr4/mcs30_m4Dr4_s80.B66,2817101150,1000013,49
data/mcs-instances/mcs30/m4D/m4Dr6/mcs30_m4Dr6_s80.A50 data/mcs-instances/mcs30/m4D/m4Dr6/mcs30_m4Dr6_s80.B50,4055689505,1000014,49
data/mcs-instances/mcs30/m4D/m4Dr6/mcs30_m4Dr6_s60.A61 data/mcs-instances/mcs30/m4D/m4Dr6/mcs30_m4Dr6_s60.B61,2448844776,1000024,39
data/mcs-instances/mcs30/m4D/m4Dr6/mcs30_m4Dr6_s60.A87 data/mcs-instances/mcs30/m4D/m4Dr6/mcs30_m4Dr6_s60.B87,2662893625,1000002,38
data/mcs-instances/mcs30/m4D/m4Dr6/mcs30_m4Dr6_s70.A22 data/mcs-instances/mcs30/m4D/m4Dr6/mcs30_m4Dr6_s70.B22,2661763349,1000014,43
data/mcs-instances/mcs30/m4D/m4Dr6/mcs30_m4Dr6_s80.A08 data/mcs-instances/mcs30/m4D/m4Dr6/mcs30_m4Dr6_s80.B08,2573631397,1000013,49
data/mcs-instances/mcs30/m4D/m4Dr6/mcs30_m4Dr6_s70.A53 data/mcs-instances/mcs30/m4D/m4Dr6/mcs30_m4Dr6_s70.B53,2335490401,1000013,43
data/mcs-instances/mcs30/m4D/m4Dr6/mcs30_m4Dr6_s60.A79 data/mcs-instances/mcs30/m4D/m4Dr6/mcs30_m4Dr6_s60.B79,2412313644,1000007,40
data/mcs-instances/mcs30/m4D/m4Dr6/mcs30_m4Dr6_s80.A07 data/mcs-instances/mcs30/m4D/m4Dr6/mcs30_m4Dr6_s80.B07,2668089698,1000000,48
data/mcs-instances/mcs30/m4D/m4Dr6/mcs30_m4Dr6_s80.A96 data/mcs-instances/mcs30/m4D/m4Dr6/mcs30_m4Dr6_s80.B96,2641816553,1000005,51
data/mcs-instances/mcs30/m4D/m4D/mcs30_m4D_s50.A45 data/mcs-instances/mcs30/m4D/m4D/mcs30_m4D_s50.B45,2581893732,1000010,36
data/mcs-instances/mcs30/m4D/m4D/mcs30_m4D_s90.A77 data/mcs-instances/mcs30/m4D/m4D/mcs30_m4D_s90.B77,5718342454,1000014,52
data/mcs-instances/mcs30/m4D/m4D/mcs30_m4D_s50.A19 data/mcs-instances/mcs30/m4D/m4D/mcs30_m4D_s50.B19,2496639542,1000009,37
data/mcs-instances/mcs30/m4D/m4D/mcs30_m4D_s90.A92 data/mcs-instances/mcs30/m4D/m4D/mcs30_m4D_s90.B92,2819919220,1000014,61
data/mcs-instances/mcs30/m4D/m4D/mcs30_m4D_s70.A75 data/mcs-instances/mcs30/m4D/m4D/mcs30_m4D_s70.B75,2349158034,1000012,51
data/mcs-instances/mcs30/m4D/m4D/mcs30_m4D_s50.A46 data/mcs-instances/mcs30/m4D/m4D/mcs30_m4D_s50.B46,2700720754,1000012,36
data/mcs-instances/mcs30/m4D/m4D/mcs30_m4D_s90.A32 data/mcs-instances/mcs30/m4D/m4D/mcs30_m4D_s90.B32,5408607745,1000000,57
data/mcs-instances/mcs30/m4D/m4D/mcs30_m4D_s70.A44 data/mcs-instances/mcs30/m4D/m4D/mcs30_m4D_s70.B44,2681680780,1000013,50
data/mcs-instances/mcs30/m4D/m4D/mcs30_m4D_s50.A91 data/mcs-instances/mcs30/m4D/m4D/mcs30_m4D_s50.B91,2630754397,1000014,36
data/mcs-instances/mcs30/m4D/m4D/mcs30_m4D_s50.A31 data/mcs-instances/mcs30/m4D/m4D/mcs30_m4D_s50.B31,2455453181,1000012,37
data/mcs-instances/mcs30/m4D/m4Dr2/mcs30_m4Dr2_s50.A36 data/mcs-instances/mcs30/m4D/m4Dr2/mcs30_m4Dr2_s50.B36,2670607962,1000014,35
data/mcs-instances/mcs30/m4D/m4Dr2/mcs30_m4Dr2_s70.A38 data/mcs-instances/mcs30/m4D/m4Dr2/mcs30_m4Dr2_s70.B38,2651078784,1000012,49
data/mcs-instances/mcs30/m4D/m4Dr2/mcs30_m4Dr2_s60.A72 data/mcs-instances/mcs30/m4D/m4Dr2/mcs30_m4Dr2_s60.B72,2642146146,1000013,41
data/mcs-instances/mcs30/m4D/m4Dr2/mcs30_m4Dr2_s90.A48 data/mcs-instances/mcs30/m4D/m4Dr2/mcs30_m4Dr2_s90.B48,3120695397,1000015,59
data/mcs-instances/mcs30/m4D/m4Dr2/mcs30_m4Dr2_s50.A55 data/mcs-instances/mcs30/m4D/m4Dr2/mcs30_m4Dr2_s50.B55,2497952916,1000013,36
data/mcs-instances/mcs30/m4D/m4Dr2/mcs30_m4Dr2_s90.A39 data/mcs-instances/mcs30/m4D/m4Dr2/mcs30_m4Dr2_s90.B39,6220445052,1000014,56
data/mcs-instances/mcs30/m4D/m4Dr2/mcs30_m4Dr2_s80.A28 data/mcs-instances/mcs30/m4D/m4Dr2/mcs30_m4Dr2_s80.B28,5662912717,1000013,48
data/mcs-instances/mcs30/m4D/m4Dr2/mcs30_m4Dr2_s80.A68 data/mcs-instances/mcs30/m4D/m4Dr2/mcs30_m4Dr2_s80.B68,5543221323,1000013,46
data/mcs-instances/mcs30/m4D/m4Dr2/mcs30_m4Dr2_s80.A98 data/mcs-instances/mcs30/m4D/m4Dr2/mcs30_m4Dr2_s80.B98,2519638416,1000013,55
data/mcs-instances/mcs30/m4D/m4Dr2/mcs30_m4Dr2_s70.A84 data/mcs-instances/mcs30/m4D/m4Dr2/mcs30_m4Dr2_s70.B84,2776415437,1000014,46
data/mcs-instances/mcs30/rand/r02/mcs30_r02_s40.A95 data/mcs-instances/mcs30/rand/r02/mcs30_r02_s40.B95,1778786169,1000010,16
data/mcs-instances/mcs30/rand/r02/mcs30_r02_s50.A82 data/mcs-instances/mcs30/rand/r02/mcs30_r02_s50.B82,1709855941,1000013,17
data/mcs-instances/mcs30/rand/r02/mcs30_r02_s40.A88 data/mcs-instances/mcs30/rand/r02/mcs30_r02_s40.B88,1757401733,1000014,16
data/mcs-instances/mcs30/rand/r02/mcs30_r02_s50.A22 data/mcs-instances/mcs30/rand/r02/mcs30_r02_s50.B22,1717693762,1000013,17
data/mcs-instances/mcs30/rand/r005/mcs30_r005_s25.A57 data/mcs-instances/mcs30/rand/r005/mcs30_r005_s25.B57,194957,62,20
data/mcs-instances/mcs30/rand/r02/mcs30_r02_s40.A52 data/mcs-instances/mcs30/rand/r02/mcs30_r02_s40.B52,1758074330,1000013,16
data/mcs-instances/mcs30/rand/r02/mcs30_r02_s50.A03 data/mcs-instances/mcs30/rand/r02/mcs30_r02_s50.B03,1729854107,1000016,17
data/mcs-instances/mcs30/rand/r01/mcs30_r01_s20.A36 data/mcs-instances/mcs30/rand/r01/mcs30_r01_s20.B36,69592,24,14
data/mcs-instances/mcs30/rand/r01/mcs30_r01_s25.A21 data/mcs-instances/mcs30/rand/r01/mcs30_r01_s25.B21,1548521,630,17
data/mcs-instances/mcs30/m2D/m2Dr2/mcs30_m2Dr2_s30.A02 data/mcs-instances/mcs30/m2D/m2Dr2/mcs30_m2Dr2_s30.B02,3470617,1202,23
data/mcs-instances/mcs30/m2D/m2Dr2/mcs30_m2Dr2_s30.A44 data/mcs-instances/mcs30/m2D/m2Dr2/mcs30_m2Dr2_s30.B44,3387925,1211,22
data/mcs-instances/mcs30/m2D/m2Dr4/mcs30_m2Dr4_s30.A43 data/mcs-instances/mcs30/m2D/m2Dr4/mcs30_m2Dr4_s30.B43,7647433,2736,21
data/mcs-instances/mcs30/m2D/m2Dr4/mcs30_m2Dr4_s30.A27 data/mcs-instances/mcs30/m2D/m2Dr4/mcs30_m2Dr4_s30.B27,5705827,2074,21
data/mcs-instances/mcs30/m2D/m2Dr4/mcs30_m2Dr4_s30.A13 data/mcs-instances/mcs30/m2D/m2Dr4/mcs30_m2Dr4_s30.B13,6986608,2601,21
data/mcs-instances/mcs30/m2D/m2Dr4/mcs30_m2Dr4_s30.A88 data/mcs-instances/mcs30/m2D/m2Dr4/mcs30_m2Dr4_s30.B88,7898486,2786,21
data/mcs-instances/mcs30/m2D/m2Dr6/mcs30_m2Dr6_s30.A16 data/mcs-instances/mcs30/m2D/m2Dr6/mcs30_m2Dr6_s30.B16,14463261,5370,21
data/mcs-instances/mcs30/m2D/m2D/mcs30_m2D_s30.A73 data/mcs-instances/mcs30/m2D/m2D/mcs30_m2D_s30.B73,7975882,2634,22
data/mcs-instances/mcs30/m2D/m2D/mcs30_m2D_s30.A90 data/mcs-instances/mcs30/m2D/m2D/mcs30_m2D_s30.B90,1625284,580,23
data/mcs-instances/mcs30/rand/r01/mcs30_r01_s35.A15 data/mcs-instances/mcs30/rand/r01/mcs30_r01_s35.B15,124034885,55196,21
data/mcs-instances/mcs30/rand/r005/mcs30_r005_s50.A06 data/mcs-instances/mcs30/rand/r005/mcs30_r005_s50.B06,2462459970,1000012,32
data/mcs-instances/mcs30/rand/r005/mcs30_r005_s90.A96 data/mcs-instances/mcs30/rand/r005/mcs30_r005_s90.B96,2133058959,1000013,39
data/mcs-instances/mcs30/m2D/m2D/mcs30_m2D_s30.A38 data/mcs-instances/mcs30/m2D/m2D/mcs30_m2D_s30.B38,2064349,738,23
data/mcs-instances/mcs50/bvg/b03m/mcs50_b03m_s30.A89 data/mcs-instances/mcs50/bvg/b03m/mcs50_b03m_s30.B89,1269111,475,23
data/mcs-instances/mcs30/rand/r005/mcs30_r005_s70.A62 data/mcs-instances/mcs30/rand/r005/mcs30_r005_s70.B62,2159385603,1000014,35
data/mcs-instances/mcs30/rand/r005/mcs30_r005_s70.A46 data/mcs-instances/mcs30/rand/r005/mcs30_r005_s70.B46,2293071691,1000013,36
data/mcs-instances/mcs30/rand/r005/mcs30_r005_s80.A78 data/mcs-instances/mcs30/rand/r005/mcs30_r005_s80.B78,2312050989,1000013,37
data/mcs-instances/mcs50/bvg/b03m/mcs50_b03m_s15.A66 data/mcs-instances/mcs50/bvg/b03m/mcs50_b03m_s15.B66,2786,0,12
data/mcs-instances/mcs30/rand/r005/mcs30_r005_s90.A84 data/mcs-instances/mcs30/rand/r005/mcs30_r005_s90.B84,2148185940,1000012,41
data/mcs-instances/mcs30/rand/r005/mcs30_r005_s60.A66 data/mcs-instances/mcs30/rand/r005/mcs30_r005_s60.B66,2420501459,1000013,33
data/mcs-instances/mcs50/bvg/b03m/mcs50_b03m_s20.A83 data/mcs-instances/mcs50/bvg/b03m/mcs50_b03m_s20.B83,10867,3,16
data/mcs-instances/mcs30/rand/r005/mcs30_r005_s70.A02 data/mcs-instances/mcs30/rand/r005/mcs30_r005_s70.B02,2302736512,1000012,37
data/mcs-instances/mcs30/rand/r005/mcs30_r005_s90.A41 data/mcs-instances/mcs30/rand/r005/mcs30_r005_s90.B41,2155090678,1000012,39
data/mcs-instances/mcs50/bvg/b03m/mcs50_b03m_s10.A64 data/mcs-instances/mcs50/bvg/b03m/mcs50_b03m_s10.B64,147,0,8
data/mcs-instances/mcs30/rand/r001/mcs30_r001_s100.A46 data/mcs-instances/mcs30/rand/r001/mcs30_r001_s100.B46,4966157846,1000013,66
data/mcs-instances/mcs30/rand/r001/mcs30_r001_s100.A89 data/mcs-instances/mcs30/rand/r001/mcs30_r001_s100.B89,5953122099,1000013,73
data/mcs-instances/mcs30/rand/r001/mcs30_r001_s100.A69 data/mcs-instances/mcs30/rand/r001/mcs30_r001_s100.B69,6395178194,1000012,68
data/mcs-instances/mcs30/rand/r001/mcs30_r001_s100.A39 data/mcs-instances/mcs30/rand/r001/mcs30_r001_s100.B39,4544339577,1000008,66
data/mcs-instances/mcs30/rand/r001/mcs30_r001_s100.A38 data/mcs-instances/mcs30/rand/r001/mcs30_r001_s100.B38,4822501832,1000013,67
data/mcs-instances/mcs30/rand/r001/mcs30_r001_s100.A06 data/mcs-instances/mcs30/rand/r001/mcs30_r001_s100.B06,5053652733,1000014,69
data/mcs-instances/mcs30/rand/r001/mcs30_r001_s100.A29 data/mcs-instances/mcs30/rand/r001/mcs30_r001_s100.B29,4107376411,1000001,68
data/mcs-instances/mcs30/rand/r001/mcs30_r001_s100.A28 data/mcs-instances/mcs30/rand/r001/mcs30_r001_s100.B28,3364630927,1000010,71
data/mcs-instances/mcs30/rand/r001/mcs30_r001_s100.A27 data/mcs-instances/mcs30/rand/r001/mcs30_r001_s100.B27,4652705258,1000007,75
data/mcs-instances/mcs30/rand/r001/mcs30_r001_s100.A17 data/mcs-instances/mcs30/rand/r001/mcs30_r001_s100.B17,4193399902,1000010,67
data/mcs-instances/mcs30/rand/r01/mcs30_r01_s80.A26 data/mcs-instances/mcs30/rand/r01/mcs30_r01_s80.B26,1879523305,1000006,26
data/mcs-instances/mcs30/rand/r01/mcs30_r01_s60.A93 data/mcs-instances/mcs30/rand/r01/mcs30_r01_s60.B93,2017347369,1000013,24
data/mcs-instances/mcs30/rand/r01/mcs30_r01_s50.A59 data/mcs-instances/mcs30/rand/r01/mcs30_r01_s50.B59,2112257337,1000002,23
data/mcs-instances/mcs30/rand/r01/mcs30_r01_s80.A67 data/mcs-instances/mcs30/rand/r01/mcs30_r01_s80.B67,1922126803,1000000,26
data/mcs-instances/mcs30/rand/r01/mcs30_r01_s50.A13 data/mcs-instances/mcs30/rand/r01/mcs30_r01_s50.B13,2073969729,1000005,23
data/mcs-instances/mcs30/rand/r01/mcs30_r01_s90.A19 data/mcs-instances/mcs30/rand/r01/mcs30_r01_s90.B19,1929920457,1000008,27
data/mcs-instances/mcs30/rand/r01/mcs30_r01_s50.A54 data/mcs-instances/mcs30/rand/r01/mcs30_r01_s50.B54,2146364019,1000021,22
data/mcs-instances/mcs30/m2D/m2Dr2/mcs30_m2Dr2_s60.A76 data/mcs-instances/mcs30/m2D/m2Dr2/mcs30_m2Dr2_s60.B76,2736876759,1000001,40
data/mcs-instances/mcs30/m2D/m2Dr2/mcs30_m2Dr2_s70.A70 data/mcs-instances/mcs30/m2D/m2Dr2/mcs30_m2Dr2_s70.B70,2713352015,1000002,46
data/mcs-instances/mcs30/m2D/m2Dr2/mcs30_m2Dr2_s100.A63 data/mcs-instances/mcs30/m2D/m2Dr2/mcs30_m2Dr2_s100.B63,5265233422,1000006,57
data/mcs-instances/mcs30/m2D/m2Dr2/mcs30_m2Dr2_s100.A18 data/mcs-instances/mcs30/m2D/m2Dr2/mcs30_m2Dr2_s100.B18,5764146625,1000008,62
data/mcs-instances/mcs30/m2D/m2Dr2/mcs30_m2Dr2_s80.A09 data/mcs-instances/mcs30/m2D/m2Dr2/mcs30_m2Dr2_s80.B09,2807349749,1000010,52
data/mcs-instances/mcs30/m2D/m2Dr2/mcs30_m2Dr2_s70.A81 data/mcs-instances/mcs30/m2D/m2Dr2/mcs30_m2Dr2_s70.B81,2731720735,1000013,45
data/mcs-instances/mcs30/m2D/m2Dr2/mcs30_m2Dr2_s100.A82 data/mcs-instances/mcs30/m2D/m2Dr2/mcs30_m2Dr2_s100.B82,4809588708,1000014,64
data/mcs-instances/mcs30/m2D/m2Dr2/mcs30_m2Dr2_s50.A37 data/mcs-instances/mcs30/m2D/m2Dr2/mcs30_m2Dr2_s50.B37,2471966770,1000010,36
data/mcs-instances/mcs30/m2D/m2Dr4/mcs30_m2Dr4_s60.A33 data/mcs-instances/mcs30/m2D/m2Dr4/mcs30_m2Dr4_s60.B33,2466866861,1000002,40
data/mcs-instances/mcs30/m2D/m2Dr4/mcs30_m2Dr4_s60.A71 data/mcs-instances/mcs30/m2D/m2Dr4/mcs30_m2Dr4_s60.B71,2476451604,1000003,40
data/mcs-instances/mcs30/m2D/m2Dr4/mcs30_m2Dr4_s80.A57 data/mcs-instances/mcs30/m2D/m2Dr4/mcs30_m2Dr4_s80.B57,2660127425,1000014,50
data/mcs-instances/mcs30/m2D/m2Dr4/mcs30_m2Dr4_s50.A25 data/mcs-instances/mcs30/m2D/m2Dr4/mcs30_m2Dr4_s50.B25,2599565663,1000014,33
data/mcs-instances/mcs30/m2D/m2Dr4/mcs30_m2Dr4_s60.A11 data/mcs-instances/mcs30/m2D/m2Dr4/mcs30_m2Dr4_s60.B11,2781970314,1000013,37
data/mcs-instances/mcs30/m2D/m2Dr4/mcs30_m2Dr4_s70.A49 data/mcs-instances/mcs30/m2D/m2Dr4/mcs30_m2Dr4_s70.B49,2550111809,1000014,44
data/mcs-instances/mcs30/m2D/m2Dr6/mcs30_m2Dr6_s60.A64 data/mcs-instances/mcs30/m2D/m2Dr6/mcs30_m2Dr6_s60.B64,2454618788,1000015,39
data/mcs-instances/mcs30/m2D/m2Dr6/mcs30_m2Dr6_s60.A33 data/mcs-instances/mcs30/m2D/m2Dr6/mcs30_m2Dr6_s60.B33,2704122685,1000014,37
data/mcs-instances/mcs30/m2D/m2Dr6/mcs30_m2Dr6_s50.A73 data/mcs-instances/mcs30/m2D/m2Dr6/mcs30_m2Dr6_s50.B73,2502710144,1000013,32
data/mcs-instances/mcs30/m2D/m2Dr6/mcs30_m2Dr6_s100.A25 data/mcs-instances/mcs30/m2D/m2Dr6/mcs30_m2Dr6_s100.B25,2423845538,1000016,60
data/mcs-instances/mcs30/m2D/m2Dr6/mcs30_m2Dr6_s50.A24 data/mcs-instances/mcs30/m2D/m2Dr6/mcs30_m2Dr6_s50.B24,2499221055,1000013,33
data/mcs-instances/mcs30/m2D/m2Dr6/mcs30_m2Dr6_s60.A14 data/mcs-instances/mcs30/m2D/m2Dr6/mcs30_m2Dr6_s60.B14,2433730962,1000013,39
data/mcs-instances/mcs30/m2D/m2Dr6/mcs30_m2Dr6_s60.A66 data/mcs-instances/mcs30/m2D/m2Dr6/mcs30_m2Dr6_s60.B66,2733894181,1000013,37
data/mcs-instances/mcs30/m2D/m2Dr6/mcs30_m2Dr6_s50.A63 data/mcs-instances/mcs30/m2D/m2Dr6/mcs30_m2Dr6_s50.B63,2501574316,1000013,33
data/mcs-instances/mcs30/m2D/m2Dr6/mcs30_m2Dr6_s70.A36 data/mcs-instances/mcs30/m2D/m2Dr6/mcs30_m2Dr6_s70.B36,2721641247,1000015,41
data/mcs-instances/mcs30/m2D/m2D/mcs30_m2D_s80.A32 data/mcs-instances/mcs30/m2D/m2D/mcs30_m2D_s80.B32,2865870795,1000013,50
data/mcs-instances/mcs30/m2D/m2D/mcs30_m2D_s60.A46 data/mcs-instances/mcs30/m2D/m2D/mcs30_m2D_s60.B46,2570733066,1000013,43
data/mcs-instances/mcs30/m2D/m2D/mcs30_m2D_s60.A73 data/mcs-instances/mcs30/m2D/m2D/mcs30_m2D_s60.B73,2756806904,1000015,40
data/mcs-instances/mcs30/m2D/m2D/mcs30_m2D_s70.A54 data/mcs-instances/mcs30/m2D/m2D/mcs30_m2D_s70.B54,2647205519,1000013,47
data/mcs-instances/mcs30/m2D/m2D/mcs30_m2D_s60.A17 data/mcs-instances/mcs30/m2D/m2D/mcs30_m2D_s60.B17,2720389179,1000013,43
data/mcs-instances/mcs30/m2D/m2D/mcs30_m2D_s70.A06 data/mcs-instances/mcs30/m2D/m2D/mcs30_m2D_s70.B06,2574898902,1000013,47
data/mcs-instances/mcs50/bvg/b06m/mcs50_b06m_s20.A35 data/mcs-instances/mcs50/bvg/b06m/mcs50_b06m_s20.B35,149175,58,12
data/mcs-instances/mcs50/bvg/b06m/mcs50_b06m_s35.A60 data/mcs-instances/mcs50/bvg/b06m/mcs50_b06m_s35.B60,366798519,147460,21
data/mcs-instances/mcs30/m2D/m2D/mcs30_m2D_s50.A92 data/mcs-instances/mcs30/m2D/m2D/mcs30_m2D_s50.B92,2683618121,1000013,37
data/mcs-instances/mcs50/bvg/b06m/mcs50_b06m_s35.A00 data/mcs-instances/mcs50/bvg/b06m/mcs50_b06m_s35.B00,151346878,60259,22
data/mcs-instances/mcs50/bvg/b03m/mcs50_b03m_s60.A65 data/mcs-instances/mcs50/bvg/b03m/mcs50_b03m_s60.B65,2800260780,1000014,39
data/mcs-instances/mcs50/bvg/b03m/mcs50_b03m_s60.A21 data/mcs-instances/mcs50/bvg/b03m/mcs50_b03m_s60.B21,2784354760,1000014,43
data/mcs-instances/mcs50/bvg/b03m/mcs50_b03m_s90.A49 data/mcs-instances/mcs50/bvg/b03m/mcs50_b03m_s90.B49,5818684163,1000014,61
data/mcs-instances/mcs50/bvg/b03m/mcs50_b03m_s80.A18 data/mcs-instances/mcs50/bvg/b03m/mcs50_b03m_s80.B18,2493084085,1000013,58
data/mcs-instances/mcs50/bvg/b09m/mcs50_b09m_s30.A23 data/mcs-instances/mcs50/bvg/b09m/mcs50_b09m_s30.B23,22675590,10595,16
data/mcs-instances/mcs50/bvg/b06m/mcs50_b06m_s40.A21 data/mcs-instances/mcs50/bvg/b06m/mcs50_b06m_s40.B21,311505228,139721,26
data/mcs-instances/mcs50/bvg/b03m/mcs50_b03m_s90.A97 data/mcs-instances/mcs50/bvg/b03m/mcs50_b03m_s90.B97,3297794863,1000012,62
data/mcs-instances/mcs50/bvg/b03m/mcs50_b03m_s70.A98 data/mcs-instances/mcs50/bvg/b03m/mcs50_b03m_s70.B98,2617461561,1000014,51
data/mcs-instances/mcs50/bvg/b06m/mcs50_b06m_s40.A28 data/mcs-instances/mcs50/bvg/b06m/mcs50_b06m_s40.B28,2208899883,915174,25
data/mcs-instances/mcs50/bvg/b09m/mcs50_b09m_s30.A19 data/mcs-instances/mcs50/bvg/b09m/mcs50_b09m_s30.B19,22480657,10613,16
data/mcs-instances/mcs50/bvg/b09m/mcs50_b09m_s25.A76 data/mcs-instances/mcs50/bvg/b09m/mcs50_b09m_s25.B76,1577740,697,14
data/mcs-instances/mcs50/bvg/b09/mcs50_b09_s20.A04 data/mcs-instances/mcs50/bvg/b09/mcs50_b09_s20.B04,5531,2,15
data/mcs-instances/mcs50/bvg/b09m/mcs50_b09m_s20.A40 data/mcs-instances/mcs50/bvg/b09m/mcs50_b09m_s20.B40,54254,24,13
data/mcs-instances/mcs50/bvg/b09/mcs50_b09_s20.A41 data/mcs-instances/mcs50/bvg/b09/mcs50_b09_s20.B41,32689,14,13
data/mcs-instances/mcs50/bvg/b06/mcs50_b06_s20.A50 data/mcs-instances/mcs50/bvg/b06/mcs50_b06_s20.B50,70003,30,13
data/mcs-instances/mcs50/bvg/b06/mcs50_b06_s15.A04 data/mcs-instances/mcs50/bvg/b06/mcs50_b06_s15.B04,1904,0,11
data/mcs-instances/mcs50/bvg/b03/mcs50_b03_s20.A83 data/mcs-instances/mcs50/bvg/b03/mcs50_b03_s20.B83,12815,4,16
data/mcs-instances/mcs50/bvg/b03/mcs50_b03_s10.A64 data/mcs-instances/mcs50/bvg/b03/mcs50_b03_s10.B64,219,0,8
data/mcs-instances/mcs50/bvg/b06/mcs50_b06_s25.A19 data/mcs-instances/mcs50/bvg/b06/mcs50_b06_s25.B19,796314,336,16
data/mcs-instances/mcs50/bvg/b03/mcs50_b03_s10.A14 data/mcs-instances/mcs50/bvg/b03/mcs50_b03_s10.B14,110,0,8
data/mcs-instances/mcs50/bvg/b03/mcs50_b03_s30.A71 data/mcs-instances/mcs50/bvg/b03/mcs50_b03_s30.B71,2007674,721,23
data/mcs-instances/mcs50/bvg/b03/mcs50_b03_s30.A11 data/mcs-instances/mcs50/bvg/b03/mcs50_b03_s30.B11,2684862,917,23
data/mcs-instances/mcs50/bvg/b03/mcs50_b03_s30.A31 data/mcs-instances/mcs50/bvg/b03/mcs50_b03_s30.B31,2404320,864,23
data/mcs-instances/mcs50/m3D/m3Dr4/mcs50_m3Dr4_s20.A25 data/mcs-instances/mcs50/m3D/m3Dr4/mcs50_m3Dr4_s20.B25,55253,20,14
data/mcs-instances/mcs50/m3D/m3Dr4/mcs50_m3Dr4_s15.A00 data/mcs-instances/mcs50/m3D/m3Dr4/mcs50_m3Dr4_s15.B00,13180,4,10
data/mcs-instances/mcs50/m3D/m3Dr4/mcs50_m3Dr4_s20.A67 data/mcs-instances/mcs50/m3D/m3Dr4/mcs50_m3Dr4_s20.B67,88134,33,14
data/mcs-instances/mcs50/m3D/m3Dr4/mcs50_m3Dr4_s20.A04 data/mcs-instances/mcs50/m3D/m3Dr4/mcs50_m3Dr4_s20.B04,55964,22,14
data/mcs-instances/mcs50/m3D/m3Dr4/mcs50_m3Dr4_s15.A30 data/mcs-instances/mcs50/m3D/m3Dr4/mcs50_m3Dr4_s15.B30,11605,4,10
data/mcs-instances/mcs50/bvg/b09/mcs50_b09_s30.A19 data/mcs-instances/mcs50/bvg/b09/mcs50_b09_s30.B19,4605380,2357,18
data/mcs-instances/mcs50/bvg/b09/mcs50_b09_s30.A57 data/mcs-instances/mcs50/bvg/b09/mcs50_b09_s30.B57,6770226,3392,17
data/mcs-instances/mcs50/bvg/b09/mcs50_b09_s30.A23 data/mcs-instances/mcs50/bvg/b09/mcs50_b09_s30.B23,8066187,4098,17
data/mcs-instances/mcs50/m3D/m3Dr6/mcs50_m3Dr6_s20.A77 data/mcs-instances/mcs50/m3D/m3Dr6/mcs50_m3Dr6_s20.B77,149962,54,13
data/mcs-instances/mcs50/m3D/m3Dr6/mcs50_m3Dr6_s15.A69 data/mcs-instances/mcs50/m3D/m3Dr6/mcs50_m3Dr6_s15.B69,6856,2,10
data/mcs-instances/mcs50/m3D/m3Dr6/mcs50_m3Dr6_s20.A84 data/mcs-instances/mcs50/m3D/m3Dr6/mcs50_m3Dr6_s20.B84,152858,56,13
data/mcs-instances/mcs50/m3D/m3Dr6/mcs50_m3Dr6_s20.A42 data/mcs-instances/mcs50/m3D/m3Dr6/mcs50_m3Dr6_s20.B42,150564,55,13
data/mcs-instances/mcs50/m3D/m3D/mcs50_m3D_s20.A54 data/mcs-instances/mcs50/m3D/m3D/mcs50_m3D_s20.B54,40154,13,15
data/mcs-instances/mcs50/m3D/m3D/mcs50_m3D_s20.A48 data/mcs-instances/mcs50/m3D/m3D/mcs50_m3D_s20.B48,57838,20,14
data/mcs-instances/mcs50/bvg/b09m/mcs50_b09m_s30.A08 data/mcs-instances/mcs50/bvg/b09m/mcs50_b09m_s30.B08,28793656,13265,16
data/mcs-instances/mcs50/m3D/m3D/mcs50_m3D_s20.A66 data/mcs-instances/mcs50/m3D/m3D/mcs50_m3D_s20.B66,79888,27,14
data/mcs-instances/mcs50/m3D/m3D/mcs50_m3D_s20.A30 data/mcs-instances/mcs50/m3D/m3D/mcs50_m3D_s20.B30,68301,23,15
data/mcs-instances/mcs50/m3D/m3D/mcs50_m3D_s15.A69 data/mcs-instances/mcs50/m3D/m3D/mcs50_m3D_s15.B69,5308,1,12
data/mcs-instances/mcs50/bvg/b06/mcs50_b06_s35.A00 data/mcs-instances/mcs50/bvg/b06/mcs50_b06_s35.B00,85450474,35009,22
data/mcs-instances/mcs50/m3D/m3Dr2/mcs50_m3Dr2_s20.A75 data/mcs-instances/mcs50/m3D/m3Dr2/mcs50_m3Dr2_s20.B75,91549,34,14
data/mcs-instances/mcs50/m3D/m3Dr2/mcs50_m3Dr2_s15.A37 data/mcs-instances/mcs50/m3D/m3Dr2/mcs50_m3Dr2_s15.B37,6704,2,11
data/mcs-instances/mcs50/m3D/m3Dr2/mcs50_m3Dr2_s15.A78 data/mcs-instances/mcs50/m3D/m3Dr2/mcs50_m3Dr2_s15.B78,6052,2,11
data/mcs-instances/mcs50/m3D/m3Dr2/mcs50_m3Dr2_s20.A84 data/mcs-instances/mcs50/m3D/m3Dr2/mcs50_m3Dr2_s20.B84,75121,27,14
data/mcs-instances/mcs50/bvg/b06m/mcs50_b06m_s70.A10 data/mcs-instances/mcs50/bvg/b06m/mcs50_b06m_s70.B10,2578052527,1000015,38
data/mcs-instances/mcs50/m3D/m3Dr2/mcs50_m3Dr2_s15.A54 data/mcs-instances/mcs50/m3D/m3Dr2/mcs50_m3Dr2_s15.B54,4789,1,11
data/mcs-instances/mcs50/m4D/m4Dr4/mcs50_m4Dr4_s35.A24 data/mcs-instances/mcs50/m4D/m4Dr4/mcs50_m4Dr4_s35.B24,41998528,15968,25
data/mcs-instances/mcs50/m4D/m4Dr4/mcs50_m4Dr4_s30.A35 data/mcs-instances/mcs50/m4D/m4Dr4/mcs50_m4Dr4_s30.B35,9835110,3500,21
data/mcs-instances/mcs50/m4D/m4Dr4/mcs50_m4Dr4_s30.A11 data/mcs-instances/mcs50/m4D/m4Dr4/mcs50_m4Dr4_s30.B11,9138815,3307,21
data/mcs-instances/mcs50/m4D/m4Dr4/mcs50_m4Dr4_s30.A42 data/mcs-instances/mcs50/m4D/m4Dr4/mcs50_m4Dr4_s30.B42,7496667,2864,21
data/mcs-instances/mcs50/m4D/m4Dr4/mcs50_m4Dr4_s30.A68 data/mcs-instances/mcs50/m4D/m4Dr4/mcs50_m4Dr4_s30.B68,1949117,719,21
data/mcs-instances/mcs50/m4D/m4Dr4/mcs50_m4Dr4_s30.A05 data/mcs-instances/mcs50/m4D/m4Dr4/mcs50_m4Dr4_s30.B05,1772445,677,21
data/mcs-instances/mcs50/m4D/m4Dr4/mcs50_m4Dr4_s35.A39 data/mcs-instances/mcs50/m4D/m4Dr4/mcs50_m4Dr4_s35.B39,69931160,26823,24
data/mcs-instances/mcs50/m4D/m4Dr4/mcs50_m4Dr4_s35.A48 data/mcs-instances/mcs50/m4D/m4Dr4/mcs50_m4Dr4_s35.B48,55772396,21883,24
data/mcs-instances/mcs50/m4D/m4Dr6/mcs50_m4Dr6_s30.A70 data/mcs-instances/mcs50/m4D/m4Dr6/mcs50_m4Dr6_s30.B70,7148701,2712,20
data/mcs-instances/mcs50/bvg/b09/mcs50_b09_s40.A86 data/mcs-instances/mcs50/bvg/b09/mcs50_b09_s40.B86,314950603,170033,23
data/mcs-instances/mcs50/m4D/m4Dr4/mcs50_m4Dr4_s35.A37 data/mcs-instances/mcs50/m4D/m4Dr4/mcs50_m4Dr4_s35.B37,112790414,41297,24
data/mcs-instances/mcs50/bvg/b06m/mcs50_b06m_s40.A63 data/mcs-instances/mcs50/bvg/b06m/mcs50_b06m_s40.B63,2417059627,1000012,24
data/mcs-instances/mcs50/m4D/m4Dr6/mcs50_m4Dr6_s30.A10 data/mcs-instances/mcs50/m4D/m4Dr6/mcs50_m4Dr6_s30.B10,3401310,1267,20
data/mcs-instances/mcs50/m4D/m4Dr6/mcs50_m4Dr6_s30.A33 data/mcs-instances/mcs50/m4D/m4Dr6/mcs50_m4Dr6_s30.B33,5772209,2195,20
data/mcs-instances/mcs50/bvg/b06m/mcs50_b06m_s50.A73 data/mcs-instances/mcs50/bvg/b06m/mcs50_b06m_s50.B73,2495551398,1000014,28
data/mcs-instances/mcs50/m4D/m4Dr6/mcs50_m4Dr6_s35.A97 data/mcs-instances/mcs50/m4D/m4Dr6/mcs50_m4Dr6_s35.B97,62333959,23114,24
data/mcs-instances/mcs50/m4D/m4Dr6/mcs50_m4Dr6_s30.A11 data/mcs-instances/mcs50/m4D/m4Dr6/mcs50_m4Dr6_s30.B11,7689707,2998,20
data/mcs-instances/mcs50/m4D/m4Dr6/mcs50_m4Dr6_s35.A79 data/mcs-instances/mcs50/m4D/m4Dr6/mcs50_m4Dr6_s35.B79,126391926,47125,24
data/mcs-instances/mcs50/bvg/b06m/mcs50_b06m_s70.A61 data/mcs-instances/mcs50/bvg/b06m/mcs50_b06m_s70.B61,2612307707,1000016,37
data/mcs-instances/mcs50/bvg/b06m/mcs50_b06m_s90.A24 data/mcs-instances/mcs50/bvg/b06m/mcs50_b06m_s90.B24,2386366401,1000014,51
data/mcs-instances/mcs50/m4D/m4Dr4/mcs50_m4Dr4_s40.A89 data/mcs-instances/mcs50/m4D/m4Dr4/mcs50_m4Dr4_s40.B89,648454298,255330,28
data/mcs-instances/mcs50/m4D/m4D/mcs50_m4D_s35.A40 data/mcs-instances/mcs50/m4D/m4D/mcs50_m4D_s35.B40,15901837,6051,26
data/mcs-instances/mcs50/m4D/m4D/mcs50_m4D_s35.A96 data/mcs-instances/mcs50/m4D/m4D/mcs50_m4D_s35.B96,71277406,27964,26
data/mcs-instances/mcs50/m4D/m4D/mcs50_m4D_s30.A31 data/mcs-instances/mcs50/m4D/m4D/mcs50_m4D_s30.B31,3063455,1020,23
data/mcs-instances/mcs50/m4D/m4D/mcs50_m4D_s35.A30 data/mcs-instances/mcs50/m4D/m4D/mcs50_m4D_s35.B30,14002785,5237,27
data/mcs-instances/mcs50/m4D/m4D/mcs50_m4D_s30.A02 data/mcs-instances/mcs50/m4D/m4D/mcs50_m4D_s30.B02,791178,291,23
data/mcs-instances/mcs50/m4D/m4D/mcs50_m4D_s35.A24 data/mcs-instances/mcs50/m4D/m4D/mcs50_m4D_s35.B24,23151644,8918,26
data/mcs-instances/mcs50/m4D/m4Dr6/mcs50_m4Dr6_s40.A17 data/mcs-instances/mcs50/m4D/m4Dr6/mcs50_m4Dr6_s40.B17,526651871,201256,27
data/mcs-instances/mcs50/m4D/m4D/mcs50_m4D_s40.A36 data/mcs-instances/mcs50/m4D/m4D/mcs50_m4D_s40.B36,150418954,56000,30
data/mcs-instances/mcs50/m4D/m4Dr6/mcs50_m4Dr6_s40.A46 data/mcs-instances/mcs50/m4D/m4Dr6/mcs50_m4Dr6_s40.B46,664652441,259519,27
data/mcs-instances/mcs50/m4D/m4D/mcs50_m4D_s40.A83 data/mcs-instances/mcs50/m4D/m4D/mcs50_m4D_s40.B83,110917991,45927,30
data/mcs-instances/mcs50/m4D/m4D/mcs50_m4D_s30.A68 data/mcs-instances/mcs50/m4D/m4D/mcs50_m4D_s30.B68,109808,38,24
data/mcs-instances/mcs50/m4D/m4D/mcs50_m4D_s30.A53 data/mcs-instances/mcs50/m4D/m4D/mcs50_m4D_s30.B53,1095689,396,23
data/mcs-instances/mcs50/m4D/m4Dr6/mcs50_m4Dr6_s40.A38 data/mcs-instances/mcs50/m4D/m4Dr6/mcs50_m4Dr6_s40.B38,737743675,282367,27
data/mcs-instances/mcs50/m4D/m4Dr2/mcs50_m4Dr2_s35.A96 data/mcs-instances/mcs50/m4D/m4Dr2/mcs50_m4Dr2_s35.B96,40325175,14970,25
data/mcs-instances/mcs50/m4D/m4Dr2/mcs50_m4Dr2_s35.A56 data/mcs-instances/mcs50/m4D/m4Dr2/mcs50_m4Dr2_s35.B56,39620509,14684,25
data/mcs-instances/mcs50/m4D/m4Dr2/mcs50_m4Dr2_s40.A24 data/mcs-instances/mcs50/m4D/m4Dr2/mcs50_m4Dr2_s40.B24,106760557,41915,29
data/mcs-instances/mcs50/m4D/m4Dr2/mcs50_m4Dr2_s35.A75 data/mcs-instances/mcs50/m4D/m4Dr2/mcs50_m4Dr2_s35.B75,105405102,39081,25
data/mcs-instances/mcs50/m4D/m4Dr2/mcs50_m4Dr2_s30.A37 data/mcs-instances/mcs50/m4D/m4Dr2/mcs50_m4Dr2_s30.B37,4471331,1640,21
data/mcs-instances/mcs50/m4D/m4Dr2/mcs50_m4Dr2_s35.A72 data/mcs-instances/mcs50/m4D/m4Dr2/mcs50_m4Dr2_s35.B72,46187286,18377,25
data/mcs-instances/mcs50/m4D/m4Dr2/mcs50_m4Dr2_s30.A78 data/mcs-instances/mcs50/m4D/m4Dr2/mcs50_m4Dr2_s30.B78,2685619,964,22
data/mcs-instances/mcs50/bvg/b09m/mcs50_b09m_s80.A58 data/mcs-instances/mcs50/bvg/b09m/mcs50_b09m_s80.B58,2346702797,1000013,35
data/mcs-instances/mcs50/m4D/m4Dr2/mcs50_m4Dr2_s35.A12 data/mcs-instances/mcs50/m4D/m4Dr2/mcs50_m4Dr2_s35.B12,19307355,7502,25
data/mcs-instances/mcs50/m4D/m4Dr2/mcs50_m4Dr2_s35.A10 data/mcs-instances/mcs50/m4D/m4Dr2/mcs50_m4Dr2_s35.B10,32136927,11919,25
data/mcs-instances/mcs50/bvg/b09m/mcs50_b09m_s100.A38 data/mcs-instances/mcs50/bvg/b09m/mcs50_b09m_s100.B38,2192782191,1000013,44
data/mcs-instances/mcs50/bvg/b09m/mcs50_b09m_s100.A29 data/mcs-instances/mcs50/bvg/b09m/mcs50_b09m_s100.B29,2315764574,1000013,43
data/mcs-instances/mcs50/m4D/m4Dr2/mcs50_m4Dr2_s40.A62 data/mcs-instances/mcs50/m4D/m4Dr2/mcs50_m4Dr2_s40.B62,601633438,227292,29
data/mcs-instances/mcs50/rand/r02/mcs50_r02_s30.A58 data/mcs-instances/mcs50/rand/r02/mcs50_r02_s30.B58,56068950,30857,15
data/mcs-instances/mcs50/bvg/b09m/mcs50_b09m_s100.A33 data/mcs-instances/mcs50/bvg/b09m/mcs50_b09m_s100.B33,2076558654,1000013,43
data/mcs-instances/mcs50/bvg/b09m/mcs50_b09m_s80.A28 data/mcs-instances/mcs50/bvg/b09m/mcs50_b09m_s80.B28,2326254759,1000000,35
data/mcs-instances/mcs50/bvg/b09/mcs50_b09_s80.A04 data/mcs-instances/mcs50/bvg/b09/mcs50_b09_s80.B04,1944051029,1000008,41
data/mcs-instances/mcs50/bvg/b09/mcs50_b09_s80.A14 data/mcs-instances/mcs50/bvg/b09/mcs50_b09_s80.B14,2285848742,1000012,35
data/mcs-instances/mcs50/bvg/b09/mcs50_b09_s80.A37 data/mcs-instances/mcs50/bvg/b09/mcs50_b09_s80.B37,2048077388,1000001,38
data/mcs-instances/mcs50/bvg/b09/mcs50_b09_s100.A29 data/mcs-instances/mcs50/bvg/b09/mcs50_b09_s100.B29,2211886137,1000003,45
data/mcs-instances/mcs50/bvg/b06/mcs50_b06_s70.A61 data/mcs-instances/mcs50/bvg/b06/mcs50_b06_s70.B61,2153527965,1000002,43
data/mcs-instances/mcs50/bvg/b06/mcs50_b06_s90.A24 data/mcs-instances/mcs50/bvg/b06/mcs50_b06_s90.B24,2717808541,1000007,46
data/mcs-instances/mcs50/bvg/b06/mcs50_b06_s70.A01 data/mcs-instances/mcs50/bvg/b06/mcs50_b06_s70.B01,2260172810,1000000,40
data/mcs-instances/mcs50/bvg/b06/mcs50_b06_s100.A17 data/mcs-instances/mcs50/bvg/b06/mcs50_b06_s100.B17,2641648047,1000003,52
data/mcs-instances/mcs50/bvg/b06/mcs50_b06_s100.A88 data/mcs-instances/mcs50/bvg/b06/mcs50_b06_s100.B88,2593456026,1000000,51
data/mcs-instances/mcs50/bvg/b06/mcs50_b06_s100.A18 data/mcs-instances/mcs50/bvg/b06/mcs50_b06_s100.B18,2209199711,1000010,56
data/mcs-instances/mcs50/bvg/b03/mcs50_b03_s70.A98 data/mcs-instances/mcs50/bvg/b03/mcs50_b03_s70.B98,4380719082,1000014,43
data/mcs-instances/mcs50/bvg/b03/mcs50_b03_s90.A97 data/mcs-instances/mcs50/bvg/b03/mcs50_b03_s90.B97,4173583846,1000014,61
data/mcs-instances/mcs50/bvg/b03/mcs50_b03_s60.A61 data/mcs-instances/mcs50/bvg/b03/mcs50_b03_s60.B61,2469769433,1000010,45
data/mcs-instances/mcs50/bvg/b03/mcs50_b03_s50.A65 data/mcs-instances/mcs50/bvg/b03/mcs50_b03_s50.B65,2446780867,1000014,38
data/mcs-instances/mcs50/m3D/m3Dr4/mcs50_m3Dr4_s60.A50 data/mcs-instances/mcs50/m3D/m3Dr4/mcs50_m3Dr4_s60.B50,2304798908,1000013,35
data/mcs-instances/mcs50/m3D/m3Dr4/mcs50_m3Dr4_s60.A17 data/mcs-instances/mcs50/m3D/m3Dr4/mcs50_m3Dr4_s60.B17,2366568687,1000006,35
data/mcs-instances/mcs50/m3D/m3Dr4/mcs50_m3Dr4_s60.A08 data/mcs-instances/mcs50/m3D/m3Dr4/mcs50_m3Dr4_s60.B08,2485076137,1000009,36
data/mcs-instances/mcs50/m3D/m3Dr4/mcs50_m3Dr4_s60.A07 data/mcs-instances/mcs50/m3D/m3Dr4/mcs50_m3Dr4_s60.B07,2391197194,1000015,36
data/mcs-instances/mcs50/m3D/m3Dr4/mcs50_m3Dr4_s60.A06 data/mcs-instances/mcs50/m3D/m3Dr4/mcs50_m3Dr4_s60.B06,2519014307,1000014,35
data/mcs-instances/mcs50/m3D/m3Dr6/mcs50_m3Dr6_s50.A72 data/mcs-instances/mcs50/m3D/m3Dr6/mcs50_m3Dr6_s50.B72,2316469053,1000013,30
data/mcs-instances/mcs50/m3D/m3Dr6/mcs50_m3Dr6_s50.A19 data/mcs-instances/mcs50/m3D/m3Dr6/mcs50_m3Dr6_s50.B19,2466887872,1000013,29
data/mcs-instances/mcs50/m3D/m3Dr6/mcs50_m3Dr6_s50.A12 data/mcs-instances/mcs50/m3D/m3Dr6/mcs50_m3Dr6_s50.B12,2353585574,1000014,30
data/mcs-instances/mcs50/m3D/m3Dr6/mcs50_m3Dr6_s60.A92 data/mcs-instances/mcs50/m3D/m3Dr6/mcs50_m3Dr6_s60.B92,2448066669,1000014,35
data/mcs-instances/mcs50/m3D/m3Dr6/mcs50_m3Dr6_s60.A69 data/mcs-instances/mcs50/m3D/m3Dr6/mcs50_m3Dr6_s60.B69,2383093850,1000013,35
data/mcs-instances/mcs50/m3D/m3Dr6/mcs50_m3Dr6_s60.A15 data/mcs-instances/mcs50/m3D/m3Dr6/mcs50_m3Dr6_s60.B15,2547628723,1000014,35
data/mcs-instances/mcs50/m3D/m3D/mcs50_m3D_s50.A86 data/mcs-instances/mcs50/m3D/m3D/mcs50_m3D_s50.B86,2270173409,1000014,34
data/mcs-instances/mcs50/m3D/m3D/mcs50_m3D_s60.A41 data/mcs-instances/mcs50/m3D/m3D/mcs50_m3D_s60.B41,2386117813,1000015,39
data/mcs-instances/mcs50/m3D/m3D/mcs50_m3D_s60.A60 data/mcs-instances/mcs50/m3D/m3D/mcs50_m3D_s60.B60,2524903645,1000014,37
data/mcs-instances/mcs50/m3D/m3D/mcs50_m3D_s50.A32 data/mcs-instances/mcs50/m3D/m3D/mcs50_m3D_s50.B32,2361340213,1000013,34
data/mcs-instances/mcs50/m3D/m3D/mcs50_m3D_s50.A36 data/mcs-instances/mcs50/m3D/m3D/mcs50_m3D_s50.B36,2530261780,1000012,33
data/mcs-instances/mcs50/m3D/m3Dr2/mcs50_m3Dr2_s60.A89 data/mcs-instances/mcs50/m3D/m3Dr2/mcs50_m3Dr2_s60.B89,2395208847,1000015,37
data/mcs-instances/mcs50/m3D/m3Dr2/mcs50_m3Dr2_s60.A25 data/mcs-instances/mcs50/m3D/m3Dr2/mcs50_m3Dr2_s60.B25,2474990381,1000014,36
data/mcs-instances/mcs50/rand/r02/mcs50_r02_s30.A18 data/mcs-instances/mcs50/rand/r02/mcs50_r02_s30.B18,78653923,40488,15
data/mcs-instances/mcs50/m3D/m3Dr2/mcs50_m3Dr2_s60.A94 data/mcs-instances/mcs50/m3D/m3Dr2/mcs50_m3Dr2_s60.B94,2596513685,1000012,36
data/mcs-instances/mcs50/rand/r02/mcs50_r02_s35.A54 data/mcs-instances/mcs50/rand/r02/mcs50_r02_s35.B54,626024286,334184,17
data/mcs-instances/mcs50/m3D/m3Dr2/mcs50_m3Dr2_s60.A32 data/mcs-instances/mcs50/m3D/m3Dr2/mcs50_m3Dr2_s60.B32,2439239160,1000010,37
data/mcs-instances/mcs50/m3D/m3Dr2/mcs50_m3Dr2_s60.A26 data/mcs-instances/mcs50/m3D/m3Dr2/mcs50_m3Dr2_s60.B26,2667185781,1000013,37
data/mcs-instances/mcs50/rand/r005/mcs50_r005_s20.A47 data/mcs-instances/mcs50/rand/r005/mcs50_r005_s20.B47,11941,3,16
data/mcs-instances/mcs50/rand/r005/mcs50_r005_s30.A69 data/mcs-instances/mcs50/rand/r005/mcs50_r005_s30.B69,7996726,2690,22
data/mcs-instances/mcs50/rand/r005/mcs50_r005_s25.A85 data/mcs-instances/mcs50/rand/r005/mcs50_r005_s25.B85,397309,128,20
data/mcs-instances/mcs50/rand/r005/mcs50_r005_s25.A79 data/mcs-instances/mcs50/rand/r005/mcs50_r005_s25.B79,421249,141,19
data/mcs-instances/mcs50/rand/r005/mcs50_r005_s30.A06 data/mcs-instances/mcs50/rand/r005/mcs50_r005_s30.B06,8674216,2594,22
data/mcs-instances/mcs50/m4D/m4Dr6/mcs50_m4Dr6_s40.A88 data/mcs-instances/mcs50/m4D/m4Dr6/mcs50_m4Dr6_s40.B88,2447923083,972554,26
data/mcs-instances/mcs50/rand/r02/mcs50_r02_s35.A74 data/mcs-instances/mcs50/rand/r02/mcs50_r02_s35.B74,787649909,438967,17
data/mcs-instances/mcs50/rand/r02/mcs50_r02_s80.A90 data/mcs-instances/mcs50/rand/r02/mcs50_r02_s80.B90,1737911320,1000014,19
data/mcs-instances/mcs50/rand/r02/mcs50_r02_s100.A24 data/mcs-instances/mcs50/rand/r02/mcs50_r02_s100.B24,1738981802,1000013,19
data/mcs-instances/mcs50/rand/r01/mcs50_r01_s10.A42 data/mcs-instances/mcs50/rand/r01/mcs50_r01_s10.B42,49,0,9
data/mcs-instances/mcs50/rand/r01/mcs50_r01_s30.A59 data/mcs-instances/mcs50/rand/r01/mcs50_r01_s30.B59,19914866,8161,19
data/mcs-instances/mcs50/rand/r01/mcs50_r01_s20.A74 data/mcs-instances/mcs50/rand/r01/mcs50_r01_s20.B74,48391,16,15
data/mcs-instances/mcs50/rand/r02/mcs50_r02_s60.A35 data/mcs-instances/mcs50/rand/r02/mcs50_r02_s60.B35,1664870830,1000013,18
data/mcs-instances/mcs50/rand/r02/mcs50_r02_s80.A59 data/mcs-instances/mcs50/rand/r02/mcs50_r02_s80.B59,1775818355,1000016,18
data/mcs-instances/mcs50/rand/r02/mcs50_r02_s70.A94 data/mcs-instances/mcs50/rand/r02/mcs50_r02_s70.B94,1741581530,1000000,18
data/mcs-instances/mcs50/rand/r01/mcs50_r01_s15.A36 data/mcs-instances/mcs50/rand/r01/mcs50_r01_s15.B36,7089,2,11
data/mcs-instances/mcs50/m2D/m2Dr4/mcs50_m2Dr4_s10.A42 data/mcs-instances/mcs50/m2D/m2Dr4/mcs50_m2Dr4_s10.B42,339,0,7
data/mcs-instances/mcs50/m2D/m2Dr4/mcs50_m2Dr4_s20.A74 data/mcs-instances/mcs50/m2D/m2Dr4/mcs50_m2Dr4_s20.B74,133060,43,14
data/mcs-instances/mcs50/rand/r02/mcs50_r02_s60.A58 data/mcs-instances/mcs50/rand/r02/mcs50_r02_s60.B58,1741649763,1000014,18
data/mcs-instances/mcs50/m2D/m2Dr4/mcs50_m2Dr4_s30.A78 data/mcs-instances/mcs50/m2D/m2Dr4/mcs50_m2Dr4_s30.B78,5931324,2311,21
data/mcs-instances/mcs50/m2D/m2Dr6/mcs50_m2Dr6_s10.A42 data/mcs-instances/mcs50/m2D/m2Dr6/mcs50_m2Dr6_s10.B42,230,0,8
data/mcs-instances/mcs50/m2D/m2Dr6/mcs50_m2Dr6_s30.A59 data/mcs-instances/mcs50/m2D/m2Dr6/mcs50_m2Dr6_s30.B59,6002524,2296,21
data/mcs-instances/mcs50/rand/r01/mcs50_r01_s30.A13 data/mcs-instances/mcs50/rand/r01/mcs50_r01_s30.B13,33407010,13440,19
data/mcs-instances/mcs50/rand/r005/mcs50_r005_s50.A18 data/mcs-instances/mcs50/rand/r005/mcs50_r005_s50.B18,2409718172,1000012,32
data/mcs-instances/mcs50/m2D/m2D/mcs50_m2D_s20.A81 data/mcs-instances/mcs50/m2D/m2D/mcs50_m2D_s20.B81,42743,14,15
data/mcs-instances/mcs50/m2D/m2D/mcs50_m2D_s20.A21 data/mcs-instances/mcs50/m2D/m2D/mcs50_m2D_s20.B21,34852,11,15
data/mcs-instances/mcs50/m2D/m2D/mcs50_m2D_s20.A72 data/mcs-instances/mcs50/m2D/m2D/mcs50_m2D_s20.B72,26320,9,15
data/mcs-instances/mcs50/rand/r005/mcs50_r005_s80.A69 data/mcs-instances/mcs50/rand/r005/mcs50_r005_s80.B69,2323297062,1000014,37
data/mcs-instances/mcs50/m2D/m2Dr2/mcs50_m2Dr2_s40.A11 data/mcs-instances/mcs50/m2D/m2Dr2/mcs50_m2Dr2_s40.B11,226347486,88198,29
data/mcs-instances/mcs50/m2D/m2D/mcs50_m2D_s40.A49 data/mcs-instances/mcs50/m2D/m2D/mcs50_m2D_s40.B49,190018650,71967,30
data/mcs-instances/mcs50/m2D/m2Dr6/mcs50_m2Dr6_s40.A97 data/mcs-instances/mcs50/m2D/m2Dr6/mcs50_m2Dr6_s40.B97,213361247,89418,28
data/mcs-instances/mcs50/rand/r005/mcs50_r005_s100.A55 data/mcs-instances/mcs50/rand/r005/mcs50_r005_s100.B55,2269744261,1000012,40
data/mcs-instances/mcs50/rand/r005/mcs50_r005_s50.A81 data/mcs-instances/mcs50/rand/r005/mcs50_r005_s50.B81,2574423104,1000014,31
data/mcs-instances/mcs50/m2D/m2Dr2/mcs50_m2Dr2_s40.A71 data/mcs-instances/mcs50/m2D/m2Dr2/mcs50_m2Dr2_s40.B71,482506795,178828,29
data/mcs-instances/mcs50/rand/r005/mcs50_r005_s100.A94 data/mcs-instances/mcs50/rand/r005/mcs50_r005_s100.B94,2213708852,1000012,40
data/mcs-instances/mcs50/rand/r001/mcs50_r001_s100.A04 data/mcs-instances/mcs50/rand/r001/mcs50_r001_s100.B04,5402010329,1000014,70
data/mcs-instances/mcs50/rand/r001/mcs50_r001_s100.A40 data/mcs-instances/mcs50/rand/r001/mcs50_r001_s100.B40,4876036747,1000013,76
data/mcs-instances/mcs50/rand/r001/mcs50_r001_s100.A34 data/mcs-instances/mcs50/rand/r001/mcs50_r001_s100.B34,5531795619,1000014,70
data/mcs-instances/mcs50/rand/r001/mcs50_r001_s100.A73 data/mcs-instances/mcs50/rand/r001/mcs50_r001_s100.B73,2861923154,1000013,68
data/mcs-instances/mcs50/rand/r001/mcs50_r001_s100.A90 data/mcs-instances/mcs50/rand/r001/mcs50_r001_s100.B90,6532894735,1000014,69
data/mcs-instances/mcs50/m2D/m2Dr4/mcs50_m2Dr4_s40.A16 data/mcs-instances/mcs50/m2D/m2Dr4/mcs50_m2Dr4_s40.B16,827283910,301713,28
data/mcs-instances/mcs50/m2D/m2Dr4/mcs50_m2Dr4_s40.A74 data/mcs-instances/mcs50/m2D/m2Dr4/mcs50_m2Dr4_s40.B74,849489298,305370,28
data/mcs-instances/mcs50/m2D/m2D/mcs50_m2D_s40.A77 data/mcs-instances/mcs50/m2D/m2D/mcs50_m2D_s40.B77,867086084,306954,30
data/mcs-instances/mcs50/rand/r001/mcs50_r001_s100.A80 data/mcs-instances/mcs50/rand/r001/mcs50_r001_s100.B80,2469262417,1000015,79
data/mcs-instances/mcs50/rand/r001/mcs50_r001_s100.A20 data/mcs-instances/mcs50/rand/r001/mcs50_r001_s100.B20,6183648258,1000013,73
data/mcs-instances/mcs50/rand/r001/mcs50_r001_s100.A24 data/mcs-instances/mcs50/rand/r001/mcs50_r001_s100.B24,5788739702,1000014,65
data/mcs-instances/mcs50/m2D/m2Dr6/mcs50_m2Dr6_s40.A79 data/mcs-instances/mcs50/m2D/m2Dr6/mcs50_m2Dr6_s40.B79,1353643689,506434,27
data/mcs-instances/mcs50/rand/r001/mcs50_r001_s100.A15 data/mcs-instances/mcs50/rand/r001/mcs50_r001_s100.B15,4035236814,1000013,76
data/mcs-instances/mcs50/rand/r001/mcs50_r001_s100.A59 data/mcs-instances/mcs50/rand/r001/mcs50_r001_s100.B59,3319887706,1000012,69
data/mcs-instances/mcs50/rand/r01/mcs50_r01_s40.A79 data/mcs-instances/mcs50/rand/r01/mcs50_r01_s40.B79,2247576594,1000015,22
data/mcs-instances/mcs50/rand/r01/mcs50_r01_s60.A26 data/mcs-instances/mcs50/rand/r01/mcs50_r01_s60.B26,2081274328,1000012,24
data/mcs-instances/mcs50/rand/r01/mcs50_r01_s60.A56 data/mcs-instances/mcs50/rand/r01/mcs50_r01_s60.B56,2096626701,1000013,25
data/mcs-instances/mcs50/rand/r01/mcs50_r01_s80.A57 data/mcs-instances/mcs50/rand/r01/mcs50_r01_s80.B57,1972849947,1000013,27
data/mcs-instances/mcs50/rand/r01/mcs50_r01_s50.A25 data/mcs-instances/mcs50/rand/r01/mcs50_r01_s50.B25,2286383495,1000013,23
data/mcs-instances/mcs50/m2D/m2Dr2/mcs50_m2Dr2_s70.A01 data/mcs-instances/mcs50/m2D/m2Dr2/mcs50_m2Dr2_s70.B01,2924405650,1000012,46
data/mcs-instances/mcs50/m2D/m2Dr2/mcs50_m2Dr2_s60.A40 data/mcs-instances/mcs50/m2D/m2Dr2/mcs50_m2Dr2_s60.B40,2802557721,1000001,40
data/mcs-instances/mcs50/m2D/m2Dr2/mcs50_m2Dr2_s50.A83 data/mcs-instances/mcs50/m2D/m2Dr2/mcs50_m2Dr2_s50.B83,3054496286,1000005,35
data/mcs-instances/mcs50/m2D/m2Dr2/mcs50_m2Dr2_s50.A01 data/mcs-instances/mcs50/m2D/m2Dr2/mcs50_m2Dr2_s50.B01,2881269385,1000012,35
data/mcs-instances/mcs50/m2D/m2Dr2/mcs50_m2Dr2_s100.A65 data/mcs-instances/mcs50/m2D/m2Dr2/mcs50_m2Dr2_s100.B65,5980950416,1000014,62
data/mcs-instances/mcs50/m2D/m2Dr2/mcs50_m2Dr2_s80.A38 data/mcs-instances/mcs50/m2D/m2Dr2/mcs50_m2Dr2_s80.B38,3011123579,1000013,52
data/mcs-instances/mcs50/m2D/m2Dr2/mcs50_m2Dr2_s90.A13 data/mcs-instances/mcs50/m2D/m2Dr2/mcs50_m2Dr2_s90.B13,3044130747,1000014,54
data/mcs-instances/mcs50/m2D/m2Dr2/mcs50_m2Dr2_s80.A29 data/mcs-instances/mcs50/m2D/m2Dr2/mcs50_m2Dr2_s80.B29,3488762849,1000011,52
data/mcs-instances/mcs50/m2D/m2Dr4/mcs50_m2Dr4_s60.A97 data/mcs-instances/mcs50/m2D/m2Dr4/mcs50_m2Dr4_s60.B97,2758577313,1000013,39
data/mcs-instances/mcs50/m2D/m2Dr4/mcs50_m2Dr4_s90.A34 data/mcs-instances/mcs50/m2D/m2Dr4/mcs50_m2Dr4_s90.B34,2820199901,1000013,56
data/mcs-instances/mcs50/m2D/m2Dr4/mcs50_m2Dr4_s60.A87 data/mcs-instances/mcs50/m2D/m2Dr4/mcs50_m2Dr4_s60.B87,2797935937,1000013,39
data/mcs-instances/mcs50/m2D/m2Dr4/mcs50_m2Dr4_s50.A16 data/mcs-instances/mcs50/m2D/m2Dr4/mcs50_m2Dr4_s50.B16,2831958781,1000014,34
data/mcs-instances/mcs50/m2D/m2Dr4/mcs50_m2Dr4_s100.A27 data/mcs-instances/mcs50/m2D/m2Dr4/mcs50_m2Dr4_s100.B27,3260069205,1000014,59
data/mcs-instances/mcs50/m2D/m2Dr6/mcs50_m2Dr6_s60.A17 data/mcs-instances/mcs50/m2D/m2Dr6/mcs50_m2Dr6_s60.B17,2870968386,1000013,38
data/mcs-instances/mcs50/m2D/m2Dr6/mcs50_m2Dr6_s70.A06 data/mcs-instances/mcs50/m2D/m2Dr6/mcs50_m2Dr6_s70.B06,2631204507,1000014,43
data/mcs-instances/mcs50/m2D/m2Dr6/mcs50_m2Dr6_s80.A83 data/mcs-instances/mcs50/m2D/m2Dr6/mcs50_m2Dr6_s80.B83,3042311821,1000013,47
data/mcs-instances/mcs50/m2D/m2Dr6/mcs50_m2Dr6_s50.A75 data/mcs-instances/mcs50/m2D/m2Dr6/mcs50_m2Dr6_s50.B75,2874643651,1000014,32
data/mcs-instances/mcs50/m2D/m2Dr6/mcs50_m2Dr6_s60.A52 data/mcs-instances/mcs50/m2D/m2Dr6/mcs50_m2Dr6_s60.B52,2907265369,1000013,37
data/mcs-instances/mcs50/m2D/m2Dr6/mcs50_m2Dr6_s50.A44 data/mcs-instances/mcs50/m2D/m2Dr6/mcs50_m2Dr6_s50.B44,2980658855,1000012,32
data/mcs-instances/mcs50/m2D/m2D/mcs50_m2D_s80.A96 data/mcs-instances/mcs50/m2D/m2D/mcs50_m2D_s80.B96,2801439537,1000014,54
data/mcs-instances/mcs50/m2D/m2D/mcs50_m2D_s50.A42 data/mcs-instances/mcs50/m2D/m2D/mcs50_m2D_s50.B42,2784074269,1000015,37
data/mcs-instances/mcs50/m2D/m2D/mcs50_m2D_s100.A59 data/mcs-instances/mcs50/m2D/m2D/mcs50_m2D_s100.B59,7332100314,1000014,55
data/mcs-instances/mcs50/m2D/m2D/mcs50_m2D_s90.A58 data/mcs-instances/mcs50/m2D/m2D/mcs50_m2D_s90.B58,3229405499,1000014,59
data/mcs-instances/mcs50/m2D/m2D/mcs50_m2D_s50.A54 data/mcs-instances/mcs50/m2D/m2D/mcs50_m2D_s50.B54,2865773048,1000014,37
